ID;YEAR;MONTH;DAY;HOUR;MINUTE;SECOND;EVENT_VALIDITY;PRIMARY_MAGNITUDE;Lat(y);Long(x);REGION_CODE;MAXIMUM_WATER_HEIGHT;ABE;IIDA;SOLOVIEV
1992;1967;12;4;;;;1;;-63;-60.5;89;1;;;0
858;1856;3;;;;;3;;-44;172;81;1;;;0.5
1506;1922;12;25;3;3;1;3;6.3;-43;173;81;0.4;;;0
1654;1932;9;15;1;5;5;2;6.8;-39;177.5;81;;;;0
1485;1920;8;20;1;1;3;3;7;-38;-73.5;89;1.4;;0;1
440;1751;5;25;5;3;;4;8.5;-37;-73;89;3.5;;1;3.5
1023;1871;3;25;;;;2;7.5;-35;-72.5;89;1;;;0.5
1609;1928;12;1;4;6;1;3;7.6;-35;-72;89;1.5;;0;0.5
604;1811;11;19;1;1;;2;;-33;-71.4;89;4;;2;2
641;1822;11;20;2;3;;4;8.5;-33;-72;89;3.6;;1;2
847;1855;8;11;9;1;;1;;-33;-71.7;89;;;;0
1082;1877;9;2;;;;1;;-33;-71.6;89;;;;0.5
1092;1878;1;28;;;;1;;-33;-71.6;89;;;;1.5
1113;1878;11;23;;;;2;;-33;-71.6;89;;;;0.5
1114;1879;8;8;;;;2;;-33;-71.6;89;;;;1.5
1339;1906;8;17;0;4;;3;8.2;-33;-72;89;3.5;;1;2
875;1858;4;24;1;1;;2;6.5;-30;-71.4;89;;;1;1
1004;1869;8;9;;;;3;;-30;-71.4;89;3;;;1.5
1849;1955;4;19;2;2;5;4;7.1;-30;-72;89;1;;;1
1450;1917;11;16;3;1;2;2;7.5;-29;-177.5;81;2.5;;1;1
1573;1926;12;9;;;;2;6;-28;-71;89;;;0;0.5
626;1819;4;12;3;0;;4;8.5;-27;-71.5;89;4;;2;2
1461;1918;12;4;1;4;4;4;7.8;-26;-71;89;5;;2;2.5
1083;1877;10;9;;;;1;;-24;-71;89;;;;0.5
5408;1869;8;21;1;4;;1;6.8;-21;-70;89;;;;0
1784;1948;9;8;1;9;0;4;7.8;-21;-174;81;2;;1;1.5
1062;1875;3;28;;;;3;8;-20;168.5;82;4;;2;2.5
929;1863;8;17;;;;2;7.5;-19;168.5;82;;;;1
1086;1878;1;10;;;;3;7.5;-19;168.5;82;12;;3;3
1096;1878;2;11;;;;3;8;-19;168.5;82;;;1;1.5
991;1868;10;2;;;;2;;-17;-72.5;89;;;;0.5
1122;1881;7;12;;;;2;;-16;179;81;0.46;;1;1
1751;1942;8;24;2;5;2;4;8.2;-15;-76;89;2;;1;1
1025;1871;8;21;;;;2;7;-13;-77;89;;;1;1
1596;1928;4;9;1;3;1;1;6.9;-13;-69.6;89;;;;1
581;1799;;;;;;2;;-12;-77;89;;;;1
935;1865;1;8;;;;3;;-12;-77.1;89;2;;1;1.5
1091;1878;1;27;;;;3;;-12;-77;89;;;;1.5
1411;1914;1;12;;;;2;;-12;-76.6;89;1;;;1.5
1490;1921;9;11;4;1;3;4;7.5;-11;111;60;0.1;;-;-2
325;1678;6;18;1;4;;3;8.4;-9;-79;89;;;2;2.5
845;1855;4;14;;;;3;;-9;121;60;;;;1
892;1859;10;20;;;;2;;-9;111;60;;;;1
1190;1891;10;5;;;;3;7;-9;124;60;;;;0.5
1468;1919;2;13;;;;2;;-9;124.85;60;;;;1.5
615;1815;11;22;;;;3;7;-8;115;60;;;1;1.5
715;1840;1;4;;;;2;7;-8;110.5;60;;;;0
870;1857;5;13;;;;4;7;-8;115.5;60;3.4;;1;2
1549;1925;1;8;;;;1;;-8;115;83;1;;;0
622;1818;11;8;;;;2;8.5;-7;117;60;3.5;;;2
635;1820;12;29;;;;4;7.5;-7;119;60;25;;4;3.5
1184;1889;11;23;;;;2;6;-7;113.5;60;;;;1
1340;1906;9;14;1;4;1;4;8;-7;149;82;1.5;;0;1.5
465;1757;8;24;;;;2;7.5;-6;107;60;0.5;;;-0.5
479;1763;9;12;;;;3;;-6;130;83;9;;;2.5
500;1770;;;;;;3;7;-5;102;60;;;;0.5
724;1841;11;26;;;;3;;-5;130;83;3;;1;1.5
780;1851;5;4;;;;3;;-5;105;60;1.5;;3;1.5
804;1852;12;24;;;;1;7;-5;130.5;83;;;;2
5562;1899;10;19;9;1;;2;;-5;148;82;;;;1.5
1274;1900;9;17;2;4;;3;;-5;148;82;3;;;1.5
383;1711;9;5;;;;4;7;-4;129;83;1.2;;1;1.5
621;1818;3;18;;;;3;7;-4;101.5;60;;;;1.5
725;1841;12;16;;;;3;6;-4;127.5;83;1.5;;1;1.5
1187;1891;6;20;;;;3;;-4;129;83;;;;0
1275;1900;10;7;2;4;;3;6.9;-4;140;83;;;1;1.5
1344;1906;10;2;1;5;;3;7.2;-4;149;82;1.2;;;1.5
1887;1959;2;7;9;3;5;1;7.4;-4;-81.5;89;0.4;;;-2
283;1657;12;;;;;2;;-3;128;83;;;;1
1064;1876;5;28;;;;3;6.8;-3;127.25;83;0.3;;;-1
1199;1892;11;18;;;;3;7;-3;127.75;83;;;;-1
1255;1899;1;15;;;;3;;-3;152;82;;;;1.5
1266;1899;9;29;1;3;;4;7.8;-3;128.5;83;12;;3;3
1294;1903;3;30;;;;2;6.5;-3;127.5;83;1;;-;0
1448;1917;7;29;2;5;6;2;7.7;-3;143.5;82;0.9;;;1
1705;1938;2;13;;;;2;6;-3;132.3;83;0.5;;;-0.5
580;1799;;;;;;-1;;-2;101;60;15;;;1
1367;1908;2;6;;;;3;7.5;-2;100;60;1.4;;0;1
1376;1909;6;3;1;4;4;2;7.6;-2;101;60;;;0;1
1665;1933;10;2;1;2;2;3;6.9;-2;-81;89;;;0;1.5
1873;1957;10;26;1;1;5;2;6;-2;116;83;;;;0
904;1861;2;16;;;;4;8.5;-1;97.5;60;7;;;3
934;1864;5;23;;;;3;7.8;-1;135;83;3;;3;1.5
1430;1915;11;6;;;;2;6;-1;136;83;;;;0
1500;1922;4;10;;;;1;;-1;100.35;60;;;;0
1154;1885;7;29;;;;2;6.8;0;99.5;60;;;;0
879;1858;12;13;;;;2;7.3;1;126;83;;;;1.5
880;1859;6;28;;;;4;7;1;126.5;83;10;;3;3
909;1861;4;26;;;;4;7;1;97.5;60;;;;1.5
913;1861;6;17;;;;3;6.8;1;97.5;60;;;;0.5
1181;1889;9;6;1;;;4;8;1;126.25;83;4;;1;2.5
1331;1906;1;31;1;3;5;4;8.8;1;-81.5;89;5;;1;3
1332;1906;2;7;;;;4;;1;-81;89;0.25;;;0.5
749;1846;1;25;0;0;;4;7.3;2;126.5;83;1.2;;;0.5
1349;1907;1;4;5;1;1;4;7.6;2;94.5;60;;;1;2
1351;1907;3;29;2;4;3;1;7.3;3;122;83;4;;2;2
1390;1910;12;18;2;4;;2;6.7;4;127;83;;;-;-1
616;1816;5;1;;;;2;;5;96.5;60;;;;0
5455;1897;9;20;1;6;;1;8.6;6;122;84;2;;;1
1244;1897;9;21;5;1;;4;8.7;6;122;84;7;;2;2.5
1783;1948;6;1;1;5;1;3;6.3;6;95;60;;;-;0
1403;1912;10;31;1;2;;1;6.9;7;138;81;;;;0
1611;1928;12;19;1;3;1;3;7.3;7;124;84;;;;1
1491;1921;11;11;1;3;8;3;7.5;8;127;84;;;0;1
1671;1934;7;18;1;3;2;3;7.7;8;-82.5;88;;;1;1.5
1391;1910;12;30;;;;1;6.2;9;125.5;84;;;;1
1499;1922;3;1;9;1;2;2;6;9;123.25;84;;;;0.5
1132;1882;9;7;7;5;;4;7.9;10;-79;74;3;;;1
1562;1925;12;22;;;;1;;10;138;81;;;;1.5
1328;1905;12;8;8;2;;1;6.5;11;123.5;84;;;-;0
1808;1950;10;5;1;9;3;4;7.7;11;-85;88;0.1;;-;-2
5456;1897;10;18;2;4;;3;8.1;12;126;84;;;;1.5
318;1675;3;;;;;2;;13;121;84;;;;1
1559;1925;11;13;1;1;4;2;7.3;13;125;84;;;;0.5
763;1849;1;25;5;1;;3;7.5;14;143.3;81;6.1;;1;2
790;1852;9;16;1;3;;2;7.5;14;120.5;84;;;;1.5
1195;1892;5;16;1;1;;4;7.5;14;143.3;81;;;;0.5
1284;1901;9;10;0;3;;2;7;14;121.6;84;;;;0
2772;1903;2;10;2;2;;1;;14;143.3;81;0.15;;;2
1428;1915;9;7;1;2;4;1;7.9;14;-89;88;;;;0.5
1037;1872;1;26;;;;3;6;16;119;84;;;;1.5
1117;1880;7;18;4;4;;4;7.5;16;121.85;84;;;;0
1538;1924;5;6;1;9;2;4;6.5;16;118;84;;;1;1.5
422;1744;;;;;;2;;17;121;84;;;;1
742;1845;4;7;;;;3;8;17;-100.6;88;;;;1.5
803;1852;12;4;;;;2;7;17;-100;88;;;;0
1797;1949;9;5;2;5;1;0;6.4;17;121.5;84;0.1;;;-4
1802;1949;12;29;3;3;5;1;7.2;17;121.63;84;;;1;1.5
1431;1915;11;18;2;1;1;3;6.4;18;119.5;84;;;;0.5
971;1868;4;3;2;2;;4;7.9;19;-155.5;80;13.7;;4;3.5
1371;1908;9;21;6;3;;4;6.8;19;-155;80;1.2;;-;0
1652;1932;6;22;1;5;2;4;7;19;-104.5;88;10;;3;1.5
1003;1869;7;24;;;;3;;20;-155;80;8.2;;3;3
1785;1948;12;3;0;2;4;2;6.9;22;-106;88;5;;1;1.5
91;1076;10;31;;;;1;;23;117;84;;;;1
254;1640;9;16;;;;4;;23;117;84;;;1;2
288;1661;1;8;;;;2;6;23;120.1;84;;;;1.5
503;1771;4;24;;;;4;7.4;24;124.3;85;85.4;;6;3
295;1667;;;;;;4;6.7;25;125.5;85;;;1;1
1279;1901;6;24;;;;4;7.5;28;130.3;85;0.25;;-;-1.5
1396;1911;6;15;1;2;;4;8;28;130;85;;;1;1.5
1168;1887;5;3;;;;1;8;31;-109;88;;;;1
59;746;1;18;;;;2;4.9;32;35.5;50;;;;3
173;1546;1;14;;;;3;6.5;32;35.5;50;;;;3
1747;1941;11;18;1;4;;4;7.4;32;132.1;85;1.2;;0;0
77;887;8;26;;;;4;8.6;33;135.3;85;;;3;3
84;1033;12;5;;;;4;;33;35;50;;;;4
124;1361;8;3;;;;4;8.4;33;135;85;;;4;3
216;1605;2;3;;;;4;7.9;33;134.9;85;10;;3;3
304;1670;8;19;;;;4;6.8;33;122.5;84;;;1;1.5
466;1759;10;30;;;;2;;33;35.5;50;8;;1;4
702;1837;1;1;1;;;3;;33;35.5;50;;;;4
1224;1895;5;25;;;;1;;33;130;85;;;;0.5
1770;1946;12;20;1;1;5;4;8.1;33;135.6;85;6.6;;2;2.5
96;1096;12;17;;;;4;8.4;34;137.5;85;7;;2;2
111;1303;8;8;;;;3;8;34;26;50;;;;4
146;1498;9;20;;;;4;8.3;34;138.1;85;10;;3;4
379;1708;2;13;;;;4;7;34;137;85;;;1;1
835;1854;12;23;0;0;;4;8.3;34;137.9;85;21;;4;3
1756;1944;12;7;4;3;;4;8.1;34;137.1;85;10;;2;2.5
1841;1953;11;25;1;4;;4;7.4;34;141.7;85;3;;1;1.5
38;365;7;21;;;;4;8;35;23;50;;;;4
149;1508;5;29;;;;2;7.1;35;25.5;50;;;;3
191;1586;1;18;;;;4;8.2;35;136.8;85;;;2;1
294;1666;5;31;;;;3;6.4;35;136.8;85;;;1;1
322;1677;11;4;;;;4;7.4;35;141.5;85;8;;3;3
1069;1877;4;16;;;;1;;35;-120;88;1.8;;1;2
1568;1926;7;;;;;1;;35;128;84;;;;1.5
137;1481;5;3;;;;2;7.1;36;28;50;3;;;3
3789;1629;3;9;9;;;3;7;36;25;50;;;;3
3274;1822;8;13;2;;;2;7.1;36;36;50;;;;3
951;1866;2;6;;;;3;6;36;23;50;8.6;;;4
1910;1961;1;16;7;2;0;4;6.8;36;142.3;85;0.4;;-;-2
1911;1961;1;16;1;1;0;4;6.4;36;141.9;85;0.4;;-;-2
174;1556;10;21;;;;1;;37;126;84;;;;0.5
1200;1892;12;9;;;;4;6.5;37;136.8;85;;;;0
1719;1938;11;6;2;3;4;4;7.1;37;141.7;85;1.25;;0;-0.5
1725;1938;11;13;2;3;;4;6;37;141.5;85;0.75;;-;-1.5
1728;1938;11;30;2;2;0;4;7;37;142.2;85;0.2;;-;-3
1775;1947;10;6;1;5;3;3;6.9;37;22;50;1;;;2
3097;177;;;;;;2;;38;15;50;;;;6
3429;963;7;22;;;;3;;38;15;50;;;;5
130;1407;8;23;;;;1;;38;125.7;84;;;;0
301;1668;7;31;;;;2;6.4;38;126;84;;;1;1.5
1241;1897;8;5;0;1;0;4;7.7;38;143.7;85;3.6;;1;1
1597;1928;4;22;2;1;4;3;6;38;23;50;0.6;;1;3
3402;1928;4;24;1;1;4;2;5;38;23.5;50;;;;3
69;850;11;27;;;;4;7;39;139.9;85;;;2;1
105;1257;10;9;;;;4;7.5;39;144;85;;;2;2
226;1611;12;2;;;;4;8.1;39;144.5;85;25;;3;4
233;1616;12;6;;;;2;7.5;39;144.5;85;;;1;1
3294;1832;3;8;1;1;;2;;39;17;50;;;;3
3411;1905;9;8;1;4;;4;7.9;39;16;50;1.3;;;4
186;1580;1;;;;;1;;40;128;84;;;;1
321;1677;4;13;;;;4;8.1;40;144;85;6;;2;2
3381;1859;8;21;1;5;;3;6.8;40;26;50;;;;3
1149;1884;11;12;;;;1;;40;-122;88;0.1;;;-3
1602;1928;5;27;9;5;0;4;7;40;143.2;85;0.45;;-;-2
2315;407;4;1;;;;1;6.6;41;29;50;;;;4
3478;1231;3;11;;;;2;6.9;41;28.6;50;;;;3
116;1341;10;31;;;;3;7;41;139.5;85;;;2;2.5
3480;1343;10;18;1;;;3;7;41;28.1;50;;;;4
3481;1343;10;20;1;;;2;;41;28.1;50;;;;4
476;1763;3;11;;;;4;7.8;41;142.5;85;;;1;1
732;1843;4;25;;;;4;8.4;42;146;85;4.5;;2;2.5
2913;1978;6;21;;;;2;;42;16;50;0.6;;;4
3165;1750;12;17;;;;2;;46;12.25;50;;;;3
810;1853;11;;;;;1;;47;152;86;;;2;2
1591;1928;2;9;;;;2;5.8;49;-125;88;;;;0
820;1854;6;27;;;;-1;7;51;158;86;;;;2
1616;1929;5;26;2;3;5;3;7;51;-131;88;1.5;;0;0
723;1841;5;17;2;3;;4;8.4;52;158;86;15;;3;3
1312;1904;6;25;1;4;3;4;8.3;52;159;86;;;1;2
663;1827;8;9;;;;3;;53;158.5;86;;;;1.5
570;1792;8;22;1;;;1;8.4;54;162;86;;;;2
1109;1878;8;29;;;;1;;54;-167;87;;;1;1.5
551;1788;8;6;;;;4;8;55;-161;87;88;;3;4
975;1868;5;15;;;;2;;55;-161;87;6.1;;;2.5
1701;1937;9;21;2;2;0;3;5.7;56;162.5;86;;;;1
549;1788;7;21;;;;4;8;57;-153;87;30;;3;4
560;1792;;;;;;1;;57;-152;87;;;;1
818;1854;1;27;1;1;;3;;57;-152;87;2.4;;;0.5
1120;1880;10;26;2;2;;3;6.3;57;-136;87;1.8;;5;0
1700;1937;9;21;;;;-1;5.8;58;-165;87;;;;1
1258;1899;9;4;0;2;;4;8.2;60;-142;87;3.1;;;0
1260;1899;9;10;2;4;;4;8.2;60;-140;87;60.96;;5;3
1323;1905;7;4;;;;4;;60;-139.58;87;33.53;;5;2.5
1550;1925;2;23;2;5;3;3;6;60;-146;87;1.4;;0;1
576;1797;2;10;;;;4;8;0.001;99;60;;;;3
882;1859;7;29;;;;4;7.3;0.009;125.5;83;1;;1;1.5
907;1861;3;9;;;;4;7;0.009;98;60;;;;2
2007;1968;8;14;2;1;1;4;7.8;0.2;119.8;83;10;;3;2.5
1437;1917;1;;;;;1;;-0.25;104.5;83;;;;1.5
1027;1871;8;25;;;;1;;0.5;123;83;;;;0
1186;1891;6;10;;;;3;;-0.5;127.5;83;;;;0.5
1489;1921;5;14;1;1;4;2;6.2;0.7;117.9;83;1;;;0.5
1587;1927;12;1;4;3;2;3;6.3;-0.7;119.7;83;15;;3;3
2259;1996;1;1;8;5;1;4;7.9;0.729;119.931;83;3.43;;2;1.8
222;1608;7;1;;;;3;;0.8;127.325;83;;;;1.5
504;1771;11;9;;;;1;;0.8;127.325;83;;;;0.5
718;1840;2;14;;;;2;;0.8;127.325;83;;;;0.5
827;1854;9;27;;;;3;;0.8;127.4;83;;;;0.5
1480;1920;1;29;;;;1;;0.87;122.92;83;2;;1;1
2260;1996;2;17;5;5;3;4;8.2;-0.891;136.952;83;7.7;;2;1.8
895;1859;12;17;;;;2;;0.9;124.9;83;;;;0
2224;1994;1;21;2;2;2;4;7;1.015;127.733;83;2;;1;1.5
2094;1977;8;28;2;1;5;2;5.5;-1.081;146.23;82;0.6;;-;-0.5
1155;1885;8;3;;;;3;;1.1;124.3;83;;;;0
1629;1930;9;11;;;;1;;1.2;124.57;83;;;;0
902;1860;10;6;;;;3;;-1.25;128.5;83;;;;0
2231;1994;10;8;2;4;7;4;6.8;-1.258;127.98;83;3;;1;1.5
901;1860;8;;;;;1;;1.3;121;83;;;;0
1632;1930;12;23;2;3;3;4;6.5;-1.3;144.3;82;12;;3;1.5
872;1857;11;17;;;;3;;1.35;125.2;83;;;;1.5
873;1857;11;18;;;;2;;1.35;125.2;83;;;;0
896;1859;12;25;;;;3;;1.37;125.1;83;;;;1
312;1673;8;12;;;;3;;1.375;127.52;83;;;1;1
2006;1968;8;10;2;7;4;4;7.6;1.4;126.2;83;0.4;;-;1
728;1843;1;5;;;;4;7.3;1.5;98;60;;;;2
741;1845;2;8;7;3;;3;7;1.5;124.85;83;;;;0
794;1852;11;11;0;0;;1;6.8;1.5;98;60;;;;0
1309;1904;2;2;;;;2;;1.5;120.8;83;;;;0.5
1877;1958;1;19;1;7;2;4;7.6;1.5;-79.5;89;;;;2
914;1861;9;25;;;;3;6.5;-1.5;100;60;;;;1.5
1438;1917;1;9;;;;1;;1.57;122.72;83;;;;2
2122;1979;12;12;7;5;3;4;7.7;1.598;-79.358;89;6;;2;2.5
2400;2002;10;10;1;5;2;1;7.6;-1.757;134.297;83;5;;2;2.82
5459;1900;1;10;;;;1;;1.82;127.85;83;;;;0
1416;1914;5;26;1;2;4;4;8.1;-1.829;136.943;83;0.1;;1;2
1498;1922;2;27;2;3;5;2;6.3;10.2;124.1;84;0.7;;-;0
611;1814;;;;;;2;;-10.217;123.633;60;;;1;0
1983;1966;11;28;;;;1;;-10.28;166.23;82;;;;-0.5
1822;1952;5;13;1;3;0;2;6.9;10.3;-85.3;88;0.1;;-;-3
1981;1966;6;15;0;5;4;3;7.1;-10.343;160.883;82;0.2;;0;1
2227;1994;6;2;1;1;3;4;7.8;-10.477;112.835;60;13.9;;3;2.5
1777;1948;1;24;1;4;4;3;8.3;10.5;122;84;;;1;1.5
1739;1940;5;24;1;3;5;2;8.2;-10.5;-77;89;2;;1;1.5
1990;1967;9;3;;;;2;7;-10.6;-79.8;89;2;;1;-1.5
1982;1966;10;17;2;4;5;4;8.1;-10.748;-78.638;89;3;;-;1.5
1645;1931;10;3;1;1;2;4;7.8;-10.932;161.016;82;9;;3;2.5
2092;1977;8;19;6;8;5;4;8;-11.085;118.464;60;15;;3;3
2213;1992;9;2;0;1;2;4;7.7;11.727;-87.386;88;9.9;;3;2.8
2425;1966;12;31;1;2;1;4;7.8;-11.893;166.445;82;2;;;1
424;1746;10;29;3;3;;4;8;-11.996;-77.198;89;24;;4;3.5
2242;1995;4;21;5;1;1;4;6.8;12.047;125.92;84;0.2;;-;-2
2241;1995;4;21;0;3;4;4;7.2;12.059;125.58;84;0.2;;-;-2
1077;1877;5;14;;;;2;;-12.07;-77.15;89;;;;1
944;1865;11;28;;;;1;;-12.08;-77;89;;;;1
596;1806;12;1;2;;;3;7.5;-12.1;-77.1;89;1;;;0.5
751;1847;5;23;;;;2;;-12.1;-77.1;89;2;;1;1.5
900;1860;4;23;;;;3;;-12.1;-77.1;89;;;;0
999;1869;4;22;;;;1;;-12.1;-77.1;89;;;;1
1556;1925;5;25;3;4;6;2;6.3;12.2;122.1;84;;;-;0.5
2068;1974;10;3;1;2;2;4;8.1;-12.27;-77.79;89;0.92;;0;1
194;1586;7;10;0;3;;4;8.5;-12.3;-77.7;89;26;;4;3.5
722;1840;1;28;8;;;1;;-12.3;-77.3;89;;;;0
3033;1966;12;31;2;1;1;4;7.2;-12.334;166.684;82;0.8;;;0
1603;1928;6;15;6;1;3;3;7;12.4;120.9;84;;;;0.5
1006;1869;8;16;7;0;;2;7;12.5;123.5;84;;;;0
2079;1975;10;31;8;2;2;4;7.6;12.54;125.993;84;3;;-;-1.5
2273;1997;4;21;1;2;2;4;7.7;-12.584;166.676;82;3;;-;-2
1666;1933;12;25;;;;1;;12.77;124.05;84;;;0;1
719;1840;3;22;;;;1;6.5;12.9;123.9;84;;;1;1
278;1653;7;;;;;1;;13.1;121.6;84;;;;1
942;1865;10;19;;;;2;6;13.25;123.5;84;;;;0
884;1859;8;25;;;;2;6.2;13.33;-87.81;88;;;1;1.5
1178;1889;5;25;1;2;;3;6.8;13.5;121;84;0.1;;;-3
1287;1902;2;26;;;;3;7;13.5;-89.5;88;5;;2;2
1735;1939;5;6;1;0;7;1;6.5;13.5;121.25;84;;;;0.5
337;1687;10;20;1;3;;4;8.5;-13.5;-76.5;89;;;3;3.5
2234;1994;11;14;1;1;3;4;7.1;13.525;121.067;84;7.3;;2;2.1
1326;1905;8;4;;;;2;;-13.612;-172.525;81;;;;0.5
1016;1871;2;5;;;;2;;-13.65;-76.4;89;;;;1
894;1859;12;9;2;0;;3;7;13.7;-89.8;88;;;1;1.5
647;1824;10;26;;;;1;;14.25;121.25;84;;;;1
1812;1950;12;10;2;5;4;2;7;-14.25;-77.75;89;0.7;;-;0
1810;1950;10;23;1;1;2;4;7.5;14.31;-91.917;88;0.2;;-;-1
323;1677;12;7;1;3;;2;;14.5;120.5;84;;;1;1
920;1862;3;4;9;3;;1;6;14.5;121;84;;;;0.5
928;1863;6;3;1;2;;2;6.5;14.5;121;84;;;1;1
1699;1937;8;20;1;5;1;3;7.5;14.5;121.5;84;;;0;1
668;1828;11;9;1;3;;1;7.5;14.55;120.9;84;;;;0.5
676;1830;9;16;;;;0;;14.55;120.9;84;;;;1
502;1770;12;;;;;1;;14.6;120.98;84;;;;0
2131;1981;9;1;9;2;3;4;7.7;-14.96;-173.085;81;1;;-;-2
2269;1996;11;12;1;5;4;4;7.7;-14.993;-75.675;89;0.4;;-;-1
2240;1995;4;7;2;6;5;4;7.4;-15.199;-173.529;81;0.09;;-;-1.5
1198;1892;8;;;;;2;;-15.25;166.83;82;;;;1.5
545;1787;4;3;1;3;;2;7.3;15.5;-97;88;4;;2;1
263;1647;5;7;;;;2;;-15.5;-75;89;;;1;2
1446;1917;6;26;5;4;4;4;8.3;-15.5;-173;81;12.2;;3;3
2010;1968;9;25;;;;1;7;15.6;-92.6;88;2;;;1
1896;1960;1;13;1;4;3;1;7.8;-15.75;-72.75;89;5.7;;2;3
2020;1970;4;7;5;3;5;3;7.3;15.78;121.71;84;;;1;1
407;1735;12;27;;;;2;;15.8;121.7;84;;;;1.5
1973;1965;8;11;2;3;4;4;7;-15.8;167.2;82;7;;2;2.5
1974;1965;8;13;1;4;3;2;7.3;-15.9;166.8;82;2;;1;1
2262;1996;2;25;3;8;1;4;7.1;15.978;-98.07;88;0.1;;-;-3
1605;1928;6;17;3;1;3;4;7.7;16.028;-97.036;88;0.2;;3;1
1034;1872;1;10;;;;1;6.5;-16.4;-71.5;89;;;;0
544;1787;3;28;1;3;;4;8.3;16.5;-98.5;88;4;;2;2.5
1870;1957;7;28;8;4;1;4;7.9;16.5;-99.1;88;1.3;;1;0.5
397;1725;3;27;;;;2;;-16.6;-72.7;89;2;;1;1.5
2088;1977;4;2;7;1;2;4;7.6;-16.696;-172.095;81;0.08;;-;-2
2251;1995;9;14;1;4;3;3;7.4;16.779;-98.597;88;0.4;;-;-1
404;1732;2;25;;;;3;;16.8;-99.9;88;3;;1;1.5
452;1754;9;1;7;0;;3;;16.8;-99.2;88;4;;2;2
680;1833;3;10;;;;3;;16.8;-99.9;88;;;1;0.5
685;1834;3;14;;;;1;7;16.8;-99.9;88;;;1;0
1882;1958;10;7;1;0;;1;;-16.829;168.536;82;;;;0
5494;1837;8;9;;;;2;6.5;16.86;-99.88;88;;;;0
633;1820;5;4;;;;4;7.6;17.2;-99.6;88;4;;1;1.5
1931;1962;5;11;1;1;5;4;7;17.2;-99.6;88;0.81;;-;0
5488;1513;;;;;;2;8.7;-17.2;-72.3;89;;;;3
198;1590;;;;;;2;7.7;-17.2;-72.9;89;;;;1.5
1669;1934;2;14;3;5;3;4;7.9;17.5;119;84;;;;0.5
2397;2002;1;2;1;2;4;4;7.2;-17.6;167.856;82;3;;-;-4.14
1206;1893;7;31;;;;1;6;-17.75;168.3;82;;;;0
1207;1893;8;27;;;;2;;-17.75;168.3;82;;;;0
212;1604;11;24;1;3;;4;8.5;-17.88;-70.94;89;5;;4;3.5
759;1848;7;12;;;;2;;-17.9;-149.9;81;;;;0.5
1106;1878;6;30;;;;2;;-18.3;-70.5;89;;;;0
1840;1953;9;14;0;2;3;4;6.4;-18.3;178.2;81;15;;1;1
1472;1919;4;30;7;1;1;4;8.1;-18.352;-172.515;81;2.5;;1;1.5
238;1627;9;14;;;;3;8;18.4;121.6;84;;;2;3.5
1921;1961;7;23;2;5;1;3;7.3;-18.421;168.411;82;0.9;;;-0.5
1560;1925;11;16;1;5;5;1;7;18.5;-107;88;11;;3;3
230;1615;9;16;;;;2;7.5;-18.5;-70.35;89;4;;2;1.5
1063;1875;5;10;;;;2;7;-18.5;168;82;;;;0.5
373;1705;11;26;;;;1;;-18.6;-70.2;89;8;;3;3
983;1868;8;13;2;3;;4;8.5;-18.6;-71;89;18;;4;3.5
2402;2003;1;22;2;6;3;4;7.5;18.77;-104.104;88;0.61;;;0.5
434;1750;;;;;;1;;18.8;93.633;60;;;;4
2252;1995;10;9;1;3;5;4;8;19.055;-104.205;88;11;;2;2.5
1819;1952;3;17;3;5;0;4;4.5;19.1;-155;80;1;;;0
1478;1919;10;2;;;;4;;19.23;-155.9;80;4.3;;;2
5495;1837;10;18;;;;2;7;19.45;-99.15;88;;;;0
2080;1975;11;29;1;4;4;4;7.7;19.451;-155.033;80;14.3;;3;3
1651;1932;6;18;1;1;1;4;7.9;19.452;-103.632;88;1;;1;0.5
1649;1932;6;3;1;3;5;4;8.1;19.5;-104.25;88;10;;1;2
1687;1935;11;21;1;4;;1;;19.5;-155.5;80;;;;2
1815;1951;8;21;1;5;0;4;6.9;19.5;-156;80;3.6;;1;0.5
943;1865;11;18;;;;4;8;-19.5;-173.5;81;1.25;;;3
1010;1869;8;24;1;1;;3;7.5;-19.6;-70.23;89;2;;;1.5
623;1819;;;;;;2;;19.67;145.4;81;;;1;1
1601;1928;5;18;;;;2;;-19.83;-174.36;81;;;;0.5
1138;1883;5;31;;;;1;;-2.25;106;60;;;;0
1022;1871;3;3;;;;4;;2.28;125.425;83;25;;4;3.5
1838;1953;6;27;;;;3;;-2.4;147.4;82;;;0;1
1963;1965;1;24;0;1;1;4;7.6;-2.4;126.1;83;;;2;2
1196;1892;5;17;1;1;;3;;2.5;99.5;60;;;;1
681;1833;11;24;;;;4;8.3;-2.5;100.5;60;;;;2.5
1153;1885;4;30;;;;3;7.3;-2.5;127.5;83;1.2;;;0.5
1081;1877;8;23;;;;3;;-20.2;-70.1;89;1;;;0.5
1099;1878;3;12;;;;2;;-20.2;-70.1;89;;;-;0
1100;1878;4;12;;;;2;;-20.2;-70.1;89;;;;0.5
1110;1878;9;30;;;;1;;-20.2;-70.2;89;;;;0.5
1123;1881;7;14;;;;3;;-20.2;-70.1;89;1.4;;0;1
1156;1885;11;12;;;;3;;-20.2;-70.1;89;1;;;0.5
2027;1970;9;30;9;5;2;3;5.3;20.6;122;84;;;;0.5
1365;1907;7;;;;;2;;-21.38;-175.65;81;;;;0.5
1075;1877;5;10;0;5;;4;8.3;-21.5;-70.5;89;24;;4;3.5
1994;1967;12;21;2;2;2;3;7.5;-21.7;-69.5;89;;;-;0
2266;1996;9;5;8;1;1;4;6.9;-22.118;-113.436;89;0.09;;-;-2.5
494;1767;11;22;;;;2;;22.2;113.55;84;;;;2
2108;1978;7;23;1;4;3;3;7.4;22.282;121.512;84;0.05;;-;-1
2045;1972;1;25;2;6;2;4;7.5;22.5;122.3;84;0.05;;-;-2
1786;1948;12;26;7;1;2;3;7;-22.5;-69;89;;;-;0
697;1836;7;3;;;;2;7.5;-22.6;-70.3;89;2;;1;1
2246;1995;5;16;2;1;4;4;7.7;-23.008;169.9;82;0.5;;-;-2
484;1765;5;;;;;1;;23.12;113.25;84;9;;1;2
1445;1917;5;6;1;1;;4;5.8;23.2;121.6;84;0.5;;-;-0.5
2249;1995;7;30;5;1;2;4;8;-23.34;-70.294;89;3;;1;1.5
1451;1918;2;13;6;7;1;4;7.5;23.5;117.2;84;;;1;-1
1053;1873;11;19;;;;1;;-23.6;-70.4;89;;;;2
1105;1878;6;12;;;;2;;-23.7;-70.4;89;;;;0
1595;1928;3;31;;;;1;;-23.7;-70.4;89;;;;2
1620;1929;8;9;;;;2;;-23.7;-70.4;89;7.5;;2;2.5
1980;1966;3;12;1;3;2;3;7.6;24.1;122.6;84;0.1;;-;0
1940;1963;2;13;8;5;4;4;7.3;24.4;122.1;84;0.2;;-;-2
1440;1917;1;25;;;;4;6.5;24.47;118.08;84;;;1;1
533;1782;5;22;;;;2;7;24.5;120.5;84;10;;;2.5
1691;1936;7;13;1;1;1;4;7.3;-24.5;-70;89;1;;;0.5
1950;1963;12;18;0;3;0;2;7.2;-24.8;-176.6;81;;;;0.5
447;1754;4;;;;;-1;6;25.3;121.4;84;;;;0.5
1715;1938;6;10;9;5;4;4;7.6;25.321;125.115;85;1.5;;0;0
967;1867;12;18;;;;4;7;25.34;121.91;84;;;2;2
1189;1891;7;30;;;;1;;25.5;-103.5;88;;;;1
1984;1966;12;28;8;1;7;4;7.8;-25.5;-70.7;89;0.42;;;0.5
2095;1977;10;10;1;5;5;2;7.2;-25.856;-175.406;81;0.03;;;-3
497;1768;7;22;;;;4;6.5;26.2;127.5;85;1.2;;0;1
5475;1853;10;3;;;;2;;26.2;127.6;85;;;;1
936;1865;3;1;;;;1;;26.2;127.5;85;;;;0.5
1515;1923;3;4;;;;1;;-26.3;-80.1;89;35;;;4
1764;1946;8;2;1;1;4;2;7.9;-26.5;-70.5;89;;;;9
2149;1983;10;4;1;5;1;4;7.7;-26.535;-70.563;89;0.2;;-;0.2
5415;1872;;;;;;3;;27.07;142.21;85;;;;2
783;1851;5;26;1;1;;2;7.2;-27.35;-70.35;89;3;;1;2
888;1859;10;5;1;0;;4;7.6;-27.35;-70.35;89;6;;2;2.5
293;1664;;;;;;4;;27.85;128.25;85;;;1;1
2253;1995;10;18;1;3;2;4;7.1;27.929;130.175;85;2.59;;0;1.5
2254;1995;10;19;2;4;3;4;6.8;28.094;130.148;85;1.5;;0;0.5
1634;1930;12;29;8;2;2;2;6;-28.5;-71;89;1;;;0.5
1505;1922;11;11;4;3;3;4;8.7;-28.553;-70.755;89;9;;3;2.5
2255;1995;11;1;0;3;3;4;6.7;-28.906;-71.417;89;0.1;;-;-3
1444;1917;5;1;1;2;;4;8;-29.2;-177;81;0.3;;3;3
90;1068;3;18;;;;3;;29.5;34.95;30;;;;4
1920;1961;7;18;1;4;0;4;6.6;29.6;131.8;85;0.2;;-;-3
772;1849;12;17;1;1;;4;6.5;-29.95;-71.37;89;5;;2;2.5
2011;1969;2;23;0;3;5;4;6.9;-3.1;118.9;83;4;;2;2
1454;1918;7;18;2;3;;1;;3.138;125.491;83;0.08;;;0
1496;1922;2;22;;;;1;;-3.3;128.9;83;;;;0.5
2398;2002;9;8;1;4;2;4;7.6;-3.302;142.945;82;5.5;;0;1.08
1842;1953;12;12;1;3;2;4;7.4;-3.4;-80.6;89;1;;-;0.5
449;1754;8;18;;;;3;6.5;-3.5;128.5;83;;;;0
453;1754;9;7;;;;2;;-3.5;128.5;83;;;1;0
815;1854;1;4;;;;2;6;-3.5;128.6;83;;;;0
1235;1896;10;10;;;;2;6.8;-3.5;102.5;60;;;;0
1653;1932;9;9;1;3;5;2;6.2;-3.57;128.35;83;;;;0
1315;1904;7;5;;;;1;;-3.6;128.7;83;;;;1
1449;1917;8;23;;;;2;;-3.6;128.7;83;;;;0.5
1423;1915;5;23;;;;1;;-3.644;133.695;83;0.5;;;0
859;1856;3;2;;;;4;;3.67;125.5;83;;;1;1
1197;1892;6;7;;;;4;;3.67;125.5;83;0.75;;1;1
380;1708;11;28;;;;3;;-3.69;128.15;83;;;2;2
316;1674;5;6;;;;3;6;-3.7;128.2;83;;;1;0
513;1775;4;18;;;;3;;-3.7;128.2;83;;;;0
586;1802;8;;;;;2;;-3.7;128.2;83;;;1;1.5
796;1852;11;19;;;;1;;-3.7;128.2;83;;;;0
906;1861;3;;;;;2;;-3.7;128.2;83;1.8;;;1
1421;1914;12;3;;;;2;;-3.7;128.2;83;;;;0
1443;1917;3;16;;;;2;;-3.7;116.6;83;1.5;;;1
1987;1967;4;11;5;9;1;3;5.5;-3.7;119.3;83;;;1;1
315;1674;2;17;1;3;;4;6.8;-3.75;127.75;83;100;;2;1.5
1809;1950;10;8;3;2;9;3;7.6;-3.8;128.3;83;;;1;2
2267;1996;10;18;1;5;2;4;6.6;30.568;131.093;85;0.2;;-;-2.5
37;362;5;24;;;;2;;31.3;35.6;50;;;;3
151;1509;6;17;;;;3;;31.5;121.5;84;;;;0
2265;1996;9;4;1;1;1;4;5.7;31.555;139.931;85;0.3;;-;-2
529;1781;4;11;;;;4;;31.58;130.67;85;;;1;1
1412;1914;1;12;9;2;;4;7.1;31.58;130.67;85;3;;1;-1
61;766;7;20;;;;4;6.5;31.6;130.7;85;;;1;1.5
525;1780;9;9;;;;4;;31.6;130.7;85;2;;0;1
528;1780;10;31;;;;4;;31.6;130.7;85;;;0;1
1914;1961;2;26;1;1;4;4;7.6;31.6;131.8;85;0.65;;;-0.5
1118;1880;8;15;1;4;;1;7.7;-31.62;-71.18;89;;;;0.5
32;315;;;;;;1;;31.7;35.5;50;;;;3
291;1662;10;30;1;;;4;7.6;31.7;132;85;1;;2;2.5
2270;1996;12;2;2;1;5;4;6.7;31.789;131.314;85;0.2;;-;-2
2268;1996;10;19;1;4;4;4;6.7;31.885;131.468;85;0.55;;0;0.5
1268;1899;11;24;1;4;;4;7.1;31.9;132;85;0.3;;-;-1
1824;1952;9;16;2;5;;4;;32.1;139.85;85;0.15;;-;-1
1825;1952;9;23;4;2;0;4;;32.1;139.85;85;0.05;;-;-1
1827;1952;9;26;3;3;0;4;;32.1;139.85;85;0.1;;-;-1
1833;1953;3;11;;;;4;;32.1;139.85;85;6;;-;-1
5566;1953;3;25;;;;4;;32.1;139.85;85;0.05;;-;-1
2013;1969;4;21;7;1;;4;6.5;32.2;132.1;85;0.1;;-;-3
499;1769;8;29;;;;4;7.4;32.3;132;85;;;1;1
1731;1939;3;20;3;2;;4;6.6;32.3;132;85;0.8;;-;0
1998;1968;4;1;0;4;4;4;7.5;32.3;132.5;85;3.07;;1;1
57;744;6;30;;;;4;6.4;32.4;130.5;85;;;2;2
53;684;11;29;;;;4;8.4;32.5;134;85;3;;1;1
802;1852;11;29;;;;3;7;32.5;-115.5;88;3;;;1
1575;1927;1;1;8;1;;1;5.7;32.5;-115.5;88;;;;1
400;1730;7;8;8;4;;4;8.7;-32.5;-71.5;89;;;4;3.5
2033;1971;7;9;3;3;1;4;7.8;-32.5;-71.2;89;1.2;;0;0
2062;1973;10;5;5;4;5;4;6.7;-32.5;-71.5;89;0.4;;-;-1
362;1700;4;1;;;;2;;32.7;129.7;85;;;2;2
1269;1899;11;25;1;5;;4;6.9;32.7;132.3;85;;;-;-2
568;1792;5;21;;;;4;6.4;32.75;130.3;85;55;;3;3
557;1791;5;13;;;;2;;32.8;130.3;85;11;;2;2.5
5489;1765;;;;;;1;;-33.05;-71.617;89;;;;2
427;1747;3;;;;;2;;33.1;139.8;85;;;0;0.5
837;1854;12;24;8;0;;4;8.4;33.1;135;85;28;;4;2.5
1781;1948;4;17;1;1;0;4;7.2;33.1;135.6;85;0.6;;-;-1
992;1868;10;16;;;;2;;-33.1;-71.7;89;1;;;0.5
1024;1871;8;20;;;;2;;-33.1;-71.7;89;;;-;0.5
377;1707;10;28;5;;;4;8.4;33.2;134.8;85;25.7;;3;4
7;-590;;;;;;2;;33.27;35.22;50;;;;6
203;1596;9;4;;;;4;6.9;33.3;131.7;85;5;;2;2
204;1597;9;10;;;;3;6.4;33.3;131.6;85;;;1;1
2004;1968;8;5;7;1;0;1;6.5;33.3;132.2;85;0.03;;;0
2046;1972;2;29;9;2;5;4;7.4;33.3;140.8;85;0.42;;-;0.5
2056;1972;12;4;1;1;1;4;7.4;33.3;140.7;85;0.5;;-;-1
122;1360;11;22;;;;4;7;33.4;136.2;85;;;2;2
100;1202;5;20;;;;4;7.6;33.5;36;50;;;;5
8;-525;;;;;;2;;33.56;35.37;50;;;;3
160;1520;4;4;;;;4;7;33.6;136.3;85;2;;1;1
368;1704;;;;;;2;;33.6;136;85;2;;1;1
1662;1933;3;11;1;5;7;0;6.3;33.616;-117.966;88;0.1;;-;-3
128;1403;12;;;;;4;7;33.7;136.5;85;2;;1;1
1675;1934;8;21;;;;0;;33.7;-118.2;88;12;;;3
55;704;8;2;;;;4;7;33.8;136.7;85;;;2;2
79;922;;;;;;4;7;33.8;136.7;85;2;;1;1
131;1408;1;21;;;;4;7;33.8;136.9;85;2;;1;1
1270;1899;12;25;1;2;;1;6.4;33.8;-118.5;88;;;;0.5
1863;1956;8;12;1;5;3;-1;6.5;33.8;138.8;85;;;-;-1
955;1866;8;9;;;;1;;-33.8;151.3;81;;;;-1
956;1866;8;15;;;;1;;-33.8;151.3;81;;;;-1
963;1867;8;5;;;;1;;-33.8;151.3;81;;;;-1
1005;1869;8;11;;;;1;;-33.8;151.3;81;;;;-1
1015;1870;8;12;;;;1;;-33.8;151.3;81;;;;-1
2139;1982;12;28;6;3;4;4;6.4;33.826;139.434;85;0.19;;-;-1
36;348;;;;;;1;4.1;33.9;35.5;50;;;;3
599;1808;8;8;;;;4;6.5;33.9;134.8;85;1.5;;0;0.5
1627;1930;8;31;0;4;3;3;5.2;34.03;-118.643;88;3.05;;-;-0.5
846;1855;7;11;4;1;;3;6;34.1;-118.1;88;;;;0
609;1812;12;21;1;0;;4;7.5;34.2;-119.9;88;3.4;;1;1.5
2223;1994;1;17;1;3;5;3;6.7;34.213;-118.537;88;0.1;;-;-3
384;1711;12;20;;;;4;6.7;34.3;134;85;2;;1;1
129;1406;10;16;;;;-1;6.2;34.4;138.4;85;;;1;1
819;1854;5;31;1;5;;1;;34.4;-119.7;88;;;;0
101;1222;5;;;;;3;6.6;34.5;33;50;;;;4
156;1510;10;10;;;;-1;;34.5;137.6;85;;;2;1
468;1761;3;31;1;1;;3;8.5;34.5;-13;73;2.4;;1;2
558;1791;9;13;;;;3;6.5;34.5;135.4;85;;;1;1
571;1792;8;29;;;;-1;;34.5;136.7;85;;;0;0
2915;1979;5;15;6;5;2;0;5.6;34.53;24.437;50;;;;1
2236;1995;1;16;2;4;5;4;6.9;34.583;135.018;85;0.34;;-;-2
58;745;6;9;;;;3;6.5;34.6;135.3;85;;;1;1
154;1510;9;21;;;;4;6.7;34.6;135.4;85;2;;1;1
5501;1680;9;28;;;;2;;34.6;137.6;85;;;;2
2065;1974;5;8;2;3;2;4;6.7;34.6;138.7;85;0.2;;-;-2.5
367;1703;12;30;1;;;4;8.2;34.7;139.8;85;10.5;;4;3
1759;1945;1;12;1;3;;4;7.1;34.7;137.2;85;1;;-;-0.5
26;76;6;20;;;;1;6.3;34.8;32;50;;;;4
83;1026;6;16;;;;3;7.5;34.8;131.8;85;10;;3;3
197;1589;3;21;;;;4;6.7;34.8;138.2;85;;;1;1
1585;1927;11;4;1;5;4;4;7.3;34.813;-120.774;88;1.8;;1;1
133;1433;11;7;;;;4;7.1;34.9;139.5;85;2;;1;1
1038;1872;3;14;8;2;;4;7.4;34.9;132;85;3;;1;1
1527;1923;9;2;2;4;4;4;7.7;34.9;140.2;85;0.3;;-;-1.5
5505;1965;4;19;2;4;;-1;6;34.9;139;85;0.1;;;-4
142;1495;9;12;;;;4;7.1;35.1;139.5;85;5;;2;2
207;1602;2;8;;;;4;7.2;35.1;140.5;85;;;1;1
249;1636;7;31;;;;1;;35.1;129.05;84;;;;0
534;1782;8;22;;;;4;7.3;35.1;139.7;85;;;1;1
5421;1899;10;7;;;;2;;35.1;138.75;85;;;;1
1526;1923;9;1;2;5;3;4;7.9;35.1;139.5;85;13;;3;3
1112;1878;11;22;;;;3;;35.18;-120.731;88;1;;2;1.5
23;62;;;;;;2;6.9;35.2;25.1;50;;;;3
66;818;8;;;;;4;7.9;35.2;139.3;85;;;2;1
104;1241;5;22;;;;4;7;35.2;139.4;85;;;1;1
106;1257;10;9;;;;4;7;35.2;139.5;85;;;1;1
110;1293;5;27;;;;-1;7.1;35.2;139.4;85;;;1;1
245;1633;3;1;;;;4;7.1;35.2;139.2;85;;;1;1
256;1642;9;4;;;;4;6.7;35.2;140.6;85;;;1;1
406;1732;12;4;;;;3;6.5;35.2;140.8;85;2;;1;1
1509;1923;2;17;;;;3;;-35.33;-72.42;89;1.5;;0;1.5
1521;1923;6;1;1;2;0;4;7.3;35.4;141.8;85;0.4;;-;-1.5
3119;1494;7;1;;;;3;7.2;35.5;25.5;50;;;;2
2328;1612;11;8;;;;4;6.7;35.5;25.5;50;;;;4
258;1643;7;25;;;;4;6.5;35.5;129.5;84;;;1;1
268;1649;12;9;;;;4;6.5;35.5;126;84;;;1;1
307;1670;12;17;;;;4;6.4;35.5;141;85;2;;1;1
775;1851;2;28;;;;3;7.2;35.5;28.7;50;0.9;;-;3
866;1856;10;12;0;4;;2;8.3;35.5;26;50;;;;3
1779;1948;2;9;1;5;1;4;7.1;35.5;27.2;50;2.5;;;4
5503;1856;9;;;;;2;;35.6;139.7;85;;;;0
1576;1927;3;7;9;2;;4;7.6;35.6;135.1;85;11.3;;0;0.5
1;-2000;;;;;;1;;35.683;35.8;50;;;;6
4;-1365;;;;;;1;;35.683;35.8;50;;;;6
54;701;5;12;;;;4;7;35.7;135.4;85;;;2;1
3075;1790;10;9;1;1;;3;;35.7;-0.6;50;;;;4
2767;1773;5;6;;;;2;;35.8;-5.83;50;9;;;5
71;859;;;;;;2;;36.08;36.25;50;;;;3
2136;1982;7;23;1;2;5;4;7.2;36.194;141.702;85;0.4;;-;-1
2916;1980;10;10;1;2;2;4;7.7;36.195;1.354;50;0.7;;;2
3160;1741;1;31;;;;3;7.3;36.2;28.5;50;;;;4
1912;1961;1;16;1;1;0;4;6.5;36.2;141.9;85;0.4;;-;-2
3092;-227;;;;;;2;7.2;36.3;28.3;50;;;;3
159;1519;9;24;;;;1;;36.3;126;84;;;;0
399;1726;4;1;;;;4;6.6;36.3;136;85;;;1;1
734;1843;10;18;;;;2;6.5;36.3;27.6;50;;;;4
4277;1978;8;14;1;1;5;4;4.4;36.37;-6.98;73;0.12;;;1
3;-1610;;;;;;4;;36.4;25.4;50;90;;;6
3125;1609;4;;;;;2;7.2;36.4;28.4;50;;;;4
965;1867;9;20;3;1;;4;7.1;36.4;22.2;50;6;;;4
21;46;;;;;;4;6.2;36.404;25.396;50;;;;3
269;1650;9;29;;;;4;6.3;36.404;25.396;50;30;;5;6
953;1866;3;6;;;;3;6;36.404;25.396;50;;;;4
48;554;8;15;;;;3;7;36.5;27.5;50;;;;4
3106;1114;3;12;;;;-1;7;36.5;36;50;;;;3
308;1672;;;;;;1;;36.5;25.5;50;;;;1
4279;1680;10;9;7;;;4;;36.5;-3.6;50;;;;3
365;1700;9;12;;;;4;6.5;36.5;126.5;84;;;;1
3215;1802;11;7;1;4;;3;;36.5;2.9;50;;;;2
1231;1896;1;9;;;;4;7.6;36.5;141;85;0.25;;;-2.5
31;262;;;;;;1;;36.6;30;50;;;;4
583;1799;6;29;;;;4;6.4;36.6;136.6;85;;;1;1
27;142;;;;;;3;7;36.7;28;50;;;;4
1121;1880;11;;;;;1;;36.7;137.3;85;;;1;1
1727;1938;11;22;1;1;0;4;6.9;36.7;142.1;85;0.3;;-;-2.5
989;1868;9;14;;;;2;;-36.7;-73.2;89;1;;;0.5
179;1570;2;8;1;;;3;8.3;-36.75;-73;89;;;2;3
416;1738;7;19;;;;1;6.5;36.8;24.4;50;;;;3
1097;1878;2;14;;;;2;;-36.8;-73;89;;;-;0
281;1657;3;15;2;3;;3;8;-36.83;-73.03;89;;;3;2.5
689;1835;2;20;1;2;;4;8.2;-36.83;-73.03;89;24;;4;3
4278;1804;1;13;1;4;;4;;36.833;-2.833;50;;;;2
1859;1956;7;9;3;1;3;4;7.8;36.9;26;50;30;;5;5
64;803;12;19;;;;2;;36.95;35.6;50;;;;3
2403;2003;5;21;1;4;2;4;6.8;36.964;3.634;50;3;;1;1.5
3292;1831;7;2;;;;2;;37.05;12.3;50;;;;1
4258;1939;5;8;1;4;5;4;6.5;37.053;-24.427;73;;;;1
3765;558;;;;;;4;7;37.1;27.7;50;;;;6
72;863;7;10;;;;4;7;37.1;138;85;;;2;2
3438;1856;8;21;2;4;;3;;37.1;5.7;50;;;;4
3380;1856;8;22;1;4;;3;;37.1;5.7;50;5;;;4
1164;1886;8;27;2;3;;3;7.5;37.1;21.5;50;;;;3
1716;1938;11;5;8;4;2;4;7.7;37.1;141.7;85;0.57;;0;-0.5
3139;1693;1;11;1;3;;4;7.4;37.133;15.017;50;;;;4
3142;1699;1;;;;;2;;37.15;15.1;50;;;;4
439;1751;5;20;;;;4;6.6;37.2;138.1;85;;;1;1
940;1865;10;8;2;4;;3;6.3;37.2;-121.9;88;;;;0.5
1254;1899;1;22;7;5;;2;6.6;37.2;21.6;50;1;;;3
1717;1938;11;5;1;5;1;4;7.6;37.2;141.7;85;0.56;;0;-0.5
2852;1169;2;4;7;;;4;7;37.3;15.03;50;;;;4
3412;1905;;;;;;2;;37.3;9.9;50;;;;3
3813;1693;1;9;2;;;2;6;37.333;15.167;50;;;;2
3724;1941;11;25;1;3;5;4;8.3;37.417;-18.983;73;0.1;;;2
29;173;6;28;;;;3;;37.5;120;84;;;1;1
76;887;8;2;;;;3;6.5;37.5;138.1;85;;;2;1
135;1434;8;6;;;;1;;37.5;126;84;;;;0.5
136;1448;9;19;;;;3;7;37.5;138.2;85;;;2;2
228;1614;11;26;;;;4;7.7;37.5;138;85;;;2;1
3157;1727;7;4;;;;2;5.2;37.5;13;50;;;;3
3222;1817;1;14;3;3;;1;;37.5;13;50;;;;3
856;1856;2;15;1;2;;3;5.5;37.5;-122.3;88;0.6;;;-1
1718;1938;11;6;8;5;5;4;7.5;37.5;141.8;85;1.26;;0;-0.5
1886;1959;1;22;5;1;0;4;6.8;37.5;142.2;85;0.8;;-;-2
1893;1959;10;26;7;3;0;4;6.7;37.5;143.2;85;0.11;;-;-4
248;1633;11;5;;;;4;6.9;37.6;21;50;;;;3
3223;1818;2;20;1;1;;4;6;37.6;15.133;50;;;;3
2215;1993;2;7;1;2;4;4;6.3;37.634;137.245;85;0.5;;-;-0.5
3167;1756;10;22;1;3;;1;7;37.7;22.8;50;;;;4
700;1836;9;5;;;;-1;5.9;37.7;142;85;;;1;1
993;1868;10;21;1;5;;3;6.8;37.7;-122.1;88;4.5;;2;0.5
1333;1906;4;18;1;1;0;4;7.9;37.7;-122.5;88;0.1;;-;-4
3112;1329;6;28;;;;2;;37.734;15.004;50;;;;3
3271;1820;12;29;;;;2;6.9;37.75;21.25;50;;;;3
1251;1898;12;3;5;5;;2;;37.75;21;50;;;;3
559;1791;11;2;2;;;2;7;37.8;21;50;;;;3
829;1854;10;22;3;3;;2;;37.8;-122.4;88;;;;0
849;1855;10;22;3;4;;1;;37.8;-122.4;88;;;;0
1804;1950;3;14;1;1;4;2;5.8;-37.8;177.2;81;;;;0
1901;1960;5;21;1;2;5;4;8.2;-37.872;-73.243;89;0.3;;;-1
691;1835;7;20;;;;4;7.6;37.9;141.9;85;5;;2;2
3400;1940;1;15;1;1;2;2;5.1;38.067;13.467;50;;;;3
1929;1962;4;12;0;5;4;4;7.2;38.073;142.741;85;1;;;-2
231;1616;9;9;;;;4;7;38.1;142;85;;;1;1
3130;1636;9;30;1;3;;0;7.2;38.1;20.3;50;;;;3
474;1762;10;31;5;;;4;6.6;38.1;138.7;85;;;1;1
3410;1903;5;13;;;;1;;38.1;13.4;50;;;;2
1594;1928;3;31;0;2;4;1;6.5;38.1;27.4;50;;;;2
3117;1402;6;;;;;2;7;38.11;22.41;50;;;;5
3126;1613;8;25;;;;2;5.6;38.117;14.783;50;;;;4
3154;1726;9;1;2;5;;4;5.8;38.117;13.35;50;;;;3
3415;1907;10;23;2;2;1;4;5.9;38.133;16.017;50;;;;3
1902;1960;5;22;1;1;1;4;9.5;-38.143;-73.407;89;25;;4;4
3213;1784;1;19;;;;2;4.1;38.167;15.633;50;;;;3
1373;1908;12;28;4;2;2;4;7;38.17;15.58;50;13;;;5
3134;1649;1;;;;;1;5;38.183;15.55;50;;;;5
2105;1978;6;12;8;1;2;4;7.7;38.19;142.03;85;0.6;;;0.5
918;1861;12;26;;;;4;7.3;38.2;22.2;50;2.1;;1;4
3458;1881;4;3;1;4;;3;6.5;38.2;26.2;50;;;;2
1248;1898;3;31;7;4;;1;6.2;38.2;-122.4;88;0.31;;2;2
2128;1981;2;24;2;5;3;4;6.7;38.222;22.934;50;0.3;;;3
11;-373;;;;;;4;7.3;38.25;22.25;50;;;;5
808;1853;8;18;8;3;;3;;38.25;23.5;50;;;;3
3442;1862;1;1;8;4;;3;;38.25;22.25;50;;;;2
1972;1965;7;6;3;1;4;1;6.3;38.267;22.3;50;;;4;2
429;1748;5;14;;;;4;6.8;38.3;22.1;50;;;;3
2769;1783;2;5;1;0;;4;6.9;38.3;15.967;50;;;;4
591;1804;6;8;3;;;3;6.7;38.3;21.8;50;;;;3
619;1817;8;23;8;;;3;6.8;38.3;22.1;50;5;;;3
3275;1823;3;5;1;3;;2;;38.3;14.8;50;;;;5
950;1866;2;2;;;;2;;38.3;26.2;50;;;;3
1172;1887;10;3;;;;2;6.2;38.3;22.8;50;;;;3
1429;1915;11;1;7;2;4;4;7.8;38.3;142.9;85;1;;;0.5
3399;1941;3;16;1;4;;2;;38.3;12.2;50;;;;2
1939;1963;2;7;1;2;;4;;38.31;22.02;50;6;;;5
3212;1784;1;7;;;;4;4.1;38.317;16.4;50;;;;5
2258;1996;1;1;;;;4;;38.367;22.083;50;2;;;2
3446;1867;2;4;;;;3;7.4;38.39;20.52;50;;;;2
2152;1984;2;11;8;2;5;4;5.4;38.396;22.094;50;;;;3
46;551;4;;;;;4;7.1;38.4;22.3;50;;;;4
126;1389;3;20;;;;2;6.8;38.4;26.3;50;;;;3
298;1667;11;30;;;;2;6.6;38.4;27.1;50;;;;2
299;1668;7;10;;;;3;6.6;38.4;27.1;50;;;;2
339;1688;7;10;1;4;;2;7;38.4;26.9;50;;;;2
3460;1881;12;15;2;;;2;;38.4;21.4;50;2;;;3
2248;1995;6;15;0;1;4;4;6.5;38.401;22.283;50;1;;-;3
74;869;7;13;;;;4;8.6;38.5;143.8;85;;;4;4
394;1723;2;18;2;;;1;7;38.5;20.5;50;;;;3
573;1793;2;17;;;;4;8.3;38.5;144;85;4.5;;2;2
867;1856;11;13;;;;3;6.6;38.5;26.25;50;;;;3
915;1861;10;20;1;3;;4;7.4;38.5;142;85;3.9;;2;2
3420;1870;8;1;0;4;;1;7;38.5;22.5;50;;;;4
1427;1915;8;7;1;4;3;3;6.7;38.5;20.7;50;1.5;;;3
3404;1939;1;27;2;1;1;1;;38.5;14.7;50;;;;2
1782;1948;4;22;1;4;4;4;6.5;38.532;20.427;50;1;;;4
3419;1926;8;17;1;4;;2;5.3;38.567;14.833;50;;;;3
1787;1949;7;23;1;3;3;3;6.7;38.58;26.23;50;2;;;2
1249;1898;4;22;2;3;;4;7.2;38.6;142;85;0.1;;;-3
1959;1964;6;16;4;1;4;4;7.5;38.65;139.2;85;5.8;;2;2
1212;1894;4;27;1;2;;4;7;38.7;23.1;50;3;;1;4
178;1562;10;28;1;;;3;8;-38.7;-73.5;89;;;4;3.5
319;1676;;;;;;1;;38.733;-27.066;73;;;;1
3210;1783;3;1;1;4;;3;5.9;38.767;16.3;50;;;;3
1476;1919;5;22;1;4;;4;;38.789;15.213;50;0.75;;;4
4218;1930;9;11;9;5;;4;;38.789;15.213;50;2.5;;;3
4227;1944;8;20;6;3;;4;;38.789;15.213;50;;;;4
3395;1954;2;;;;;4;;38.789;15.213;50;;;;4
2923;2002;12;30;1;1;;4;;38.789;15.213;50;10.9;;;5
653;1825;1;19;1;4;;1;6.8;38.8;20.7;50;;;;3
1012;1869;12;28;;;;2;6.9;38.8;20.7;50;;;;3
1420;1914;11;27;1;3;4;1;6.3;38.8;20.6;50;3;;1;4
4259;1980;1;1;1;4;4;4;7.2;38.815;-27.78;73;;;;1
3147;1916;7;3;2;2;4;4;5.1;38.817;15.233;50;10;;;4
1772;1947;3;25;2;3;1;3;7.1;-38.85;178.87;81;10;;3;3
10;-426;6;;;;;4;7.1;38.9;22.7;50;;;;5
3208;1783;2;5;8;0;;2;;38.9;17.1;50;;;;3
682;1833;12;7;;;;4;7.4;38.9;139.15;85;9;;2;2.5
1214;1894;10;22;8;3;;4;7;38.9;139.8;85;;;-;-1
1847;1954;11;18;2;4;5;4;6.1;38.9;142.2;85;;;;-1
3131;1638;3;27;1;5;;2;7;39.033;16.283;50;;;;5
593;1804;7;10;1;;;4;7.3;39.05;139.95;85;1;;0;1
1661;1933;3;2;1;3;0;4;8.4;39.224;144.622;85;29;;4;3.5
1997;1968;2;19;2;4;4;4;7.2;39.368;24.957;50;1.2;;0;3
259;1644;10;18;;;;4;6.9;39.4;140.1;85;;;1;1
1899;1960;3;23;0;2;;4;6.7;39.4;143.7;85;0.75;;-;-2.5
2001;1968;6;12;1;4;5;4;7.2;39.4;143.1;85;0.95;;1;0
2211;1992;7;18;8;3;5;4;7;39.419;143.33;85;0.3;;-;-0.5
405;1732;11;;;;;2;;39.5;20;50;;;;2
750;1846;3;;;;;4;6.9;39.5;142.5;85;2;;1;1
774;1850;7;20;;;;1;;39.5;142;85;2;;1;0
1139;1883;6;27;;;;2;;39.5;20;50;;;;3
1234;1896;6;15;1;3;;4;8.3;39.5;144;85;38.2;;5;3.8
1864;1956;11;2;1;4;3;2;5.8;39.5;23;50;1.2;;0;2
1637;1931;2;13;1;2;1;1;7.1;-39.5;177;81;0.1;;;0
3295;1836;4;24;1;1;;3;;39.6;16.6;50;;;;4
5500;1088;5;13;;;;3;;39.64;141.96;85;;;;1.5
9;-479;;;;;;2;7;39.7;23.3;50;;;;3
2301;1939;12;26;2;5;2;4;7.7;39.77;39.533;40;0.53;;;4
1636;1931;2;2;2;4;5;1;7.7;-39.772;176.025;81;;;;0
1898;1960;3;20;1;7;3;4;7.5;39.8;143.4;85;1;;0;-2
185;1575;12;16;1;3;;3;8.5;-39.8;-73.2;89;;;2;2.5
603;1810;9;25;;;;4;6.6;39.9;139.9;85;1;;1;0
1684;1935;10;12;1;4;0;4;7.2;39.9;143.7;85;0.3;;-;-1
744;1845;7;5;;;;1;;-39.93;175.05;81;1;;;0.5
5;-1300;;;;;;2;6;39.96;26.24;50;;;;5
2140;1983;3;12;1;3;3;4;6.9;-4.056;127.924;83;3;;1;1.5
1744;1941;1;13;1;2;4;4;7.4;-4.175;152.071;82;0.15;;-;-2.5
1095;1878;2;4;;;;3;;-4.25;152.25;82;;;2;1
1387;1910;2;25;;;;1;6;-4.25;152.25;82;;;;0
1393;1911;5;8;;;;2;;-4.25;152.25;82;;;;0
1698;1937;5;29;;;;4;;-4.271;152.203;82;2.5;;1;1.5
2336;1953;4;23;1;2;3;1;7.4;-4.449;152.868;82;;;;0
1690;1936;4;1;2;9;1;4;7.7;4.5;126.5;83;3;;1;2
1135;1882;10;10;;;;3;7.5;-4.5;129.9;83;;;;0.5
1879;1958;4;21;2;3;4;2;6.5;-4.5;104;60;;;;0.5
381;1710;3;6;;;;3;;-4.53;129.9;83;;;1;1.5
1750;1942;5;22;1;3;3;1;5.8;4.6;-74.5;89;1;;;1
243;1629;8;1;;;;3;;-4.6;129.9;83;16;;4;3
881;1859;7;20;;;;3;;-4.6;129.9;83;;;;0
1432;1916;1;1;1;2;4;3;7.9;-4.739;152.548;82;4.5;;1;2
496;1768;6;22;;;;3;7.5;-4.85;152.8;82;;;;1
1474;1919;5;6;1;4;1;3;7.8;-4.852;153.714;82;2.5;;2;1
2035;1971;7;26;1;2;2;4;7.9;-4.9;153.2;82;10;;3;1.5
2028;1970;10;31;1;5;9;4;7.3;-4.907;145.471;82;3;;0;0.5
1734;1939;5;1;5;5;;4;7;40.1;139.5;85;1.2;;-;0
2146;1983;8;6;1;4;5;2;7;40.142;24.766;50;;;;2
1205;1893;6;14;;;;2;7.5;40.2;19.7;50;;;;3
43;543;;;;;;3;6.8;40.3;27.8;50;;;;4
945;1866;1;2;;;;2;6.5;40.3;19.4;50;;;;4
1905;1960;7;29;1;3;4;4;6.7;40.3;142.5;85;0.3;;-;-3
1957;1964;5;7;7;5;0;4;6.9;40.3;139;85;0.6;;-;0
2208;1992;4;25;1;6;4;4;7.2;40.368;-124.316;88;1.8;;0;0.5
678;1833;1;19;;;;2;6.4;40.4;19.9;50;;;;4
952;1866;3;2;1;3;;3;6.3;40.4;19.5;50;;;;3
5422;1964;5;7;2;1;;3;6.6;40.4;139;85;;;;-3
1962;1964;12;10;1;1;7;4;6.3;40.4;138.9;85;0.1;;-;-3
2228;1994;9;1;1;1;5;4;7;40.402;-125.68;88;0.07;;-;-3
2142;1983;5;26;2;5;5;4;7.8;40.462;139.102;85;14.93;;3;2
93;1088;6;10;;;;4;7;40.5;143;85;;;1;1.5
3121;1562;10;20;;;;3;;40.5;15.5;50;;;;4
784;1851;10;12;6;;;2;6.6;40.5;19.7;50;0.66;;-;3
864;1856;8;23;4;3;;4;8;40.5;143.5;85;6;;2;2
1202;1893;2;9;;;;4;6.5;40.5;25.5;50;1;;;3
1281;1901;8;9;9;2;3;4;7.2;40.5;142.5;85;0.6;;0;-0.5
1401;1912;6;8;4;4;;3;6.6;40.5;142;85;0.5;;-;0
1488;1920;12;18;2;1;5;1;5.6;40.5;19.5;50;;;;5
1655;1932;9;26;1;2;4;1;6.9;40.5;23.9;50;2;;;3
1213;1894;7;10;1;3;;4;6.7;40.6;28.7;50;;;;3
1282;1901;8;9;1;3;4;4;7.4;40.6;142.3;85;0.25;;-;-1
2226;1994;4;8;1;1;4;4;6.4;40.608;143.683;85;0.11;;-;-1.5
1888;1959;2;23;;;;1;;40.63;22.97;50;1;;;3
56;740;10;26;;;;2;7.3;40.7;29.3;50;;;;3
3109;1265;8;11;;;;3;6.6;40.7;27.4;50;;;;3
477;1763;3;15;;;;4;7.1;40.7;142;85;;;1;1
1685;1935;10;18;0;1;0;4;7;40.7;144.3;85;0.2;;-;-2
2107;1978;6;20;2;3;2;2;6.4;40.739;23.229;50;0.45;;;2
844;1855;3;20;0;3;;1;6;40.75;-124.2;88;;;;0
1289;1902;7;5;1;5;3;3;6.6;40.75;23.25;50;;;;2
4290;1963;9;18;;;;4;6.1;40.75;29;50;;;;3
3096;120;;;;;;2;7.2;40.77;29.92;50;;;;2
47;551;7;9;;;;4;7.8;40.8;29.9;50;;;;3
3430;986;10;26;;;;3;7.5;40.8;29.2;50;;;;4
3114;1344;10;14;;;;4;6.9;40.8;28.8;50;;;;5
152;1509;9;10;;;;3;7.7;40.8;28.1;50;;;;3
3120;1538;9;26;;;;2;;40.8;14.2;50;;;;4
3123;1594;;;;;;2;;40.8;14.4;50;;;;5
3140;1694;9;8;1;4;;2;;40.8;15.6;50;;;;3
475;1763;1;29;9;;;3;7.4;40.8;142;85;5;;2;2
2320;1766;5;22;5;3;;2;6.5;40.8;29;50;;;;2
2322;1878;4;19;9;;;1;6.7;40.8;20.9;50;;;;3
1600;1928;5;3;1;2;1;2;4.3;40.8;26.8;50;;;;2
2000;1968;5;16;0;4;5;4;8.2;40.8;143.2;85;6;;2;2
3221;1813;5;17;;;;1;;40.817;14.433;50;;;;2
3093;79;8;24;7;;;3;;40.821;14.426;50;;;;4
3129;1631;12;17;9;;;3;;40.821;14.426;50;;;;5
3141;1698;5;14;1;;;2;;40.821;14.426;50;;;;3
3150;1714;6;30;;;;2;;40.821;14.426;50;;;;3
3413;1906;4;4;;;;2;;40.821;14.426;50;0.4;;;3
4201;1112;6;20;;;;2;;40.85;14.25;50;;;;2
572;1793;2;8;3;;;4;6.9;40.85;139.95;85;1.8;;1;2
41;447;1;26;;;;1;7.3;40.9;28.5;50;;;;4
2286;557;;;;;;3;7;40.9;27.6;50;;;1;3
115;1332;2;12;;;;2;6.8;40.9;28.9;50;;;;3
487;1766;3;8;;;;4;6.9;40.9;140.7;85;;;-;1
1760;1945;2;10;4;5;0;4;7.3;40.9;142.1;85;0.4;;-;-1.5
81;975;10;26;;;;2;;41.04;28.98;50;;;;3
262;1646;4;5;;;;1;;41.04;28.98;50;;;;4
672;1829;5;23;;;;2;7.3;41.1;24.3;50;;;;2
1639;1931;3;9;3;4;0;4;7.6;41.2;142.5;85;0.4;;-;-1
1753;1943;6;13;5;1;0;4;7.1;41.2;143.3;85;0.6;;-;-0.5
839;1855;1;23;9;;;3;8;-41.25;175;81;9;;3;3
3714;-58;;;;;;2;6.6;41.3;19.5;50;;;;3
3479;1270;3;;;;;3;;41.3;19.5;50;;;;3
108;1273;9;;;;;2;6.5;41.3;19.7;50;;;;3
3118;1456;12;4;2;;;2;;41.3;14.7;50;;;;4
2036;1971;8;2;7;2;5;4;7.3;41.4;143.5;85;0.51;;-;-0.5
419;1741;8;29;;;;4;6.9;41.5;139.37;85;90;;3;2.5
3217;1805;7;26;2;5;;4;6.6;41.5;14.467;50;;;;2
2438;1968;5;16;1;3;1;4;7.5;41.5;142.7;85;0.58;;;-0.5
1031;1871;12;28;;;;2;;-41.5;-73;89;;;;0.5
3159;1731;3;20;;;;2;;41.51;15.5;50;;;;4
3218;1806;8;26;1;2;;2;;41.7;12.7;50;;;;2
3408;1895;11;1;;;;1;;41.7;12.2;50;;;;3
1818;1952;3;9;1;4;0;4;7;41.7;143.6;85;0.3;;-;-2
3128;1627;7;30;1;5;;4;6.7;41.733;15.35;50;;;;5
1618;1929;6;16;2;4;3;2;7.5;-41.75;172.25;81;2.5;;1;1.5
1933;1962;5;21;1;2;;2;5.7;41.8;142.4;85;0.1;;;-2
246;1633;5;14;;;;3;;-41.8;-73.8;89;;;1;1.5
1405;1913;2;22;1;6;;3;6.8;-41.8;171.5;81;1.5;;0;0.5
3427;258;;;;;;0;;41.9;12.45;50;;;;4
760;1848;10;15;1;1;;1;7.9;-41.9;173.6;81;0.3;;-;0.5
253;1640;7;31;;;;4;6.5;42.07;140.68;85;;;2;1
2113;1979;4;15;6;1;4;4;6.9;42.096;19.209;50;0.6;;;1
1817;1952;3;4;1;2;4;4;8.1;42.15;143.85;85;6.54;;2;2
1930;1962;4;23;5;5;0;4;7;42.2;143.9;85;0.1;;-;-3.5
3143;1703;2;2;2;1;5;0;6.7;42.467;13.2;50;;;;3
713;1839;5;1;;;;1;7.3;42.5;145;85;;;1;1
1204;1893;6;13;;;;4;6.9;42.5;145.5;85;;;;1
1208;1894;3;22;1;2;;4;7.9;42.5;146;85;4;;2;1.5
708;1837;11;7;1;5;;4;8.5;-42.5;-74;89;6;;3;3
297;1667;4;6;7;1;;2;7.2;42.6;18.1;50;;;;4
735;1843;9;14;1;3;;2;6.5;42.6;18.1;50;;;;4
1927;1961;11;15;7;1;0;4;6.9;42.7;145.7;85;0.1;;-;-3.5
2219;1993;7;12;1;1;1;4;7.7;42.851;139.197;85;32;;5;3.1
1924;1961;8;11;1;5;0;4;7;42.9;145.6;85;0.1;;-;-4
2075;1975;6;10;1;4;1;4;7;43.024;147.734;86;5.5;;2;2
3455;1870;7;29;;;;2;;43.03;16.15;50;;;;3
1913;1961;2;12;2;5;0;4;6.6;43.2;147.9;86;1;;;-0.5
2060;1973;6;17;3;5;2;4;7.7;43.2;145.8;85;5.96;;2;1
2067;1974;9;27;5;4;2;4;6.7;43.2;146.7;86;0.37;;0;-1
684;1834;2;9;1;;;4;6.4;43.3;141.4;85;;;2;1
3324;1846;12;3;;;;2;;43.3;10.7;50;;;;3
1125;1881;10;25;;;;2;7;43.3;147.3;85;;;;1.5
1203;1893;6;4;2;2;0;4;7;43.3;147.5;86;3;;1;1.5
738;1844;3;22;1;1;;2;;43.4;16.7;50;;;;2
3313;1846;8;14;1;3;;3;6.1;43.4;10.6;50;;;;3
3161;1742;1;16;;;;4;;43.5;10.2;50;;;;3
569;1792;6;13;;;;4;6.9;43.5;140.6;85;;;1;1
3314;1846;8;26;1;2;;3;;43.5;10.5;50;;;;4
3416;1914;1;15;4;2;;1;;43.5;10.2;50;;;;2
2123;1980;2;23;5;5;3;4;7;43.53;146.753;86;0.6;;-;-2
3133;1646;4;5;2;;;4;5.2;43.55;10.317;50;;;;3
1996;1968;1;29;1;1;7;4;7.3;43.586;146.701;86;0.18;;-;-1
2015;1969;8;11;2;2;3;4;8.2;43.6;147.9;86;5;;1;2
4223;1930;10;30;7;1;1;4;5.9;43.667;13.267;50;;;;4
3268;1819;1;8;1;3;;2;;43.7;8;50;;;;3
3462;1887;2;23;6;2;;3;;43.7;8.1;50;2;;;3
3409;1896;10;16;6;1;;1;;43.7;8.1;50;;;;2
3372;1851;7;28;1;3;;1;4.1;43.75;10.3;50;;;;2
2230;1994;10;4;1;2;5;4;8.3;43.773;147.321;86;10.4;;2;2.6
3166;1751;11;21;9;4;;2;;43.8;9;50;;;;3
3289;1826;3;18;0;2;;2;;43.8;13;50;;;;3
3291;1831;5;26;1;3;;2;;43.8;7.8;50;;;;3
1776;1947;11;4;0;9;1;4;7;43.8;141;85;2;;1;1
2303;1970;12;4;1;5;2;4;5.1;43.84;39.34;40;0.8;;;2
2232;1994;10;9;7;5;3;4;7.3;43.905;147.916;86;0.2;;-;-3
3224;1818;2;23;1;1;;2;5.6;43.917;8.033;50;;;;3
3136;1672;4;14;1;4;;4;5.6;43.933;12.583;50;;;;3
1544;1924;7;19;;;;1;;-43.95;-176.567;81;;;;1
3811;1916;8;16;7;6;;4;5.9;43.967;12.667;50;;;;2
3122;1564;7;20;;;;4;5.8;44.017;7.283;50;;;;4
2097;1978;3;22;0;5;3;4;6.7;44.026;149.002;86;0.07;;0;-2.5
3798;1968;4;18;1;3;1;4;4.6;44.08;8;50;3;;;2
2153;1984;3;24;9;4;2;4;7.2;44.117;148.192;86;0.2;;-;-2
2569;1978;3;22;2;3;3;4;6.6;44.14;149.029;86;0.05;;;-3
3453;1875;3;18;1;0;5;4;;44.2;12.4;50;;;;4
1741;1940;8;1;1;8;2;4;7.5;44.2;139.5;85;3.5;;1;1.5
1885;1958;11;12;2;2;;2;7;44.2;148.8;86;1;;;-1
2099;1978;3;23;0;3;2;4;6.8;44.209;148.971;86;0.17;;-;-1.5
2103;1978;3;24;1;4;5;4;7.6;44.244;148.862;86;0.65;;-;0
1855;1956;3;5;2;2;;4;6.3;44.3;144.1;85;0.4;;-;-2
1889;1959;4;9;1;2;2;2;5;44.3;149;86;0.1;;-;-2
3144;1703;7;2;;;;2;3.2;44.4;8.917;50;;;;3
2298;1927;6;26;1;2;4;4;6;44.4;34.4;40;0.7;;-;2
2299;1927;9;11;2;1;4;4;6.8;44.4;34.5;40;1;;;2
1946;1963;10;12;1;2;0;4;7.1;44.426;149.272;86;0.12;;-;-2
2296;1905;10;4;2;2;;4;5.1;44.5;37.5;40;0.5;;-;2
1460;1918;11;8;4;3;;4;7.8;44.5;151.5;86;0.5;;1;2
1884;1958;11;6;2;5;8;4;8.3;44.53;148.54;86;5;;2;2.5
3127;1624;3;19;;;;2;;44.6;11.8;50;;;;3
930;1863;9;20;;;;3;6.4;44.6;141.5;85;;;;0
1586;1927;11;21;2;1;2;3;7.1;-44.6;-73;89;;;1;2
2257;1995;12;3;1;1;8;4;7.9;44.663;149.3;86;1.1;;0;0.5
1970;1965;6;11;3;3;2;4;7.2;44.7;148.7;86;0.1;;-;-3
3225;1818;12;9;;;;2;;44.75;10.4;50;;;;3
2294;1869;10;11;1;;;1;5.6;44.75;35;40;;;;3
2302;1966;7;12;1;5;;4;5.5;44.75;37;40;0.2;;;1
1947;1963;10;13;5;1;5;4;8.5;44.772;149.798;86;4.5;;2;2.5
1948;1963;10;20;0;5;1;4;7.9;44.772;150.563;86;15;;3;3
3220;1809;7;3;;;;2;;44.8;7.2;50;;;;3
3290;1828;10;9;1;1;;2;;44.8;9.2;50;;;;3
3219;1808;4;2;1;4;;2;5.7;44.833;7.25;50;0.15;;;2
2289;1615;6;5;;;;4;5.7;44.9;35.5;40;1;;;2
2084;1976;1;21;1;5;2;4;7;44.915;149.123;86;0.38;;-;-2.5
2101;1978;3;23;3;1;2;4;7.5;44.932;148.439;86;0.3;;-;0
524;1780;6;29;;;;4;7.5;45.3;151.2;86;12;;3;3
3214;1802;1;4;7;;;2;;45.3;14.4;50;;;;3
3296;1838;8;10;2;3;;2;;45.3;14.5;50;;;;3
3111;1321;;;;;;2;;45.4;12.3;50;;;;3
62;792;4;30;;;;1;;45.5;11;50;;;;3
98;1106;3;;;;;-1;;45.5;12.3;50;;;;3
1457;1918;9;7;1;1;;4;8.2;45.5;151.5;86;12;;3;3
2206;1991;12;22;8;4;1;1;7.6;45.533;151.021;86;0.52;;;0.5
157;1511;3;26;;;;2;6.5;46.2;13.433;50;;;;3
2039;1971;9;8;1;5;5;4;6.2;46.3;140.9;86;0.07;;-;-3
2038;1971;9;8;1;4;2;4;6.6;46.4;141.1;86;0.09;;;-3
2041;1971;9;27;1;1;4;4;6;46.4;141.1;86;0.03;;;-4
3115;1348;1;25;2;;;2;;46.6;13.8;50;;;;3
1960;1964;7;24;8;1;3;4;6.8;47.159;153.876;86;0.08;;-;-2
1881;1958;9;17;1;2;;2;5;48.6;156.1;86;0.23;;-;-1
1657;1933;1;8;1;;;4;6;49.12;154.508;86;9;;3;2
1763;1946;6;23;1;1;1;4;7.3;49.87;-124.92;88;9;;4;2
799;1852;11;25;2;4;;4;8.3;-5.25;129.75;83;8;;3;2.5
1704;1938;2;1;1;4;1;4;8.5;-5.25;130.5;83;1;;1;1.5
706;1837;9;29;;;;2;7.3;5.5;96;60;;;;0.5
1456;1918;8;15;1;1;1;4;8.3;5.5;123;84;7.2;;2;2.5
1502;1922;7;8;;;;1;;5.5;95.2;60;;;;0
1988;1967;4;12;4;5;5;3;6.1;5.5;97.3;60;;;1;1.5
869;1857;4;17;;;;4;8;-5.5;147;82;;;;1.5
887;1859;9;25;;;;2;6.8;-5.5;130.5;83;;;1;0.5
1049;1873;;;;;;3;8;-5.5;146;82;;;1;2
1799;1949;10;19;2;0;1;4;7.5;-5.5;154;82;0.3;;-;-1
2034;1971;7;14;6;1;2;4;7.9;-5.5;153.9;82;6;;1;1
1175;1888;3;13;;;;4;;-5.52;148.121;82;15;;3;3.5
2250;1995;8;16;1;2;2;4;7.7;-5.799;154.178;82;0.6;;-;-1.5
1956;1964;4;2;1;1;5;3;7;5.8;95.4;60;;;-;0
1967;1965;3;30;2;2;3;4;7.6;50.32;177.93;87;0.1;;-;-1
2059;1973;2;28;6;3;4;4;7.2;50.5;156.6;86;1.5;;0;0.5
412;1737;10;16;1;0;;4;;51.1;158;86;64;;4;4
2218;1993;6;8;1;3;3;4;7.5;51.218;157.829;86;0.1;;-;-0.5
2031;1971;5;2;6;8;2;4;7.1;51.228;-177.173;87;0.04;;;-3
1964;1965;2;4;5;1;2;4;8.7;51.29;178.55;87;10.7;;3;2.5
1867;1957;3;9;1;2;3;4;8.6;51.292;-175.629;87;22.8;;3;3
2264;1996;6;10;1;2;5;4;7.3;51.478;-176.847;87;0.18;;-;-1.5
421;1742;11;18;;;;3;7;51.5;157;86;;;1;1.5
2263;1996;6;10;4;3;3;4;7.9;51.564;-177.632;87;0.51;;;0.5
2222;1993;11;13;1;1;4;4;7;51.934;158.647;86;0.05;;-;-3
1040;1872;8;23;1;6;;4;;52.2;-168.5;87;1.3;;1;0
1890;1959;5;4;7;1;4;4;8.2;52.5;159.5;86;0.2;;1;1
2247;1995;5;27;1;3;5;4;7.1;52.629;142.827;86;0.1;;-;-2
1829;1952;11;4;1;5;2;4;9;52.755;160.057;86;18.4;;4;4
1971;1965;7;2;2;5;3;4;6.5;53.03;-167.55;87;0.08;;-;-2
1762;1946;4;1;1;2;1;4;8.6;53.492;-162.832;87;42;;5;4
631;1820;3;1;;;;2;;54.52;-164.65;87;;;;0.5
654;1825;3;21;;;;-1;;54.77;-164.18;87;;;;0.5
2277;1997;12;5;1;2;5;4;7.8;54.841;162.035;86;8;;0;0.5
2278;1997;12;14;3;3;;3;;54.841;162.035;86;8;;3;2
1696;1936;11;13;1;3;;2;7.3;55.2;164;86;13;;3;2
1517;1923;4;13;1;3;2;4;7.2;56.5;162.5;86;20;;4;3.5
2049;1972;7;30;2;4;1;4;7.6;56.82;-135.685;87;0.1;;-;-2
2016;1969;11;22;2;9;3;4;7.7;57.7;163.6;86;15;;3;3
1880;1958;7;10;6;1;5;4;7.8;58.37;-136.665;87;524.6;;4;5
1694;1936;10;27;1;5;0;4;;58.6;-137.1;87;149.35;;5;4
805;1853;;;;;;4;;58.63;-137.57;87;120;;4;4
4241;1867;5;7;1;;;4;;58.667;6.167;73;;;;3
1143;1883;10;6;1;4;;4;;59.4;-153.4;87;9.14;;3;3
1362;1907;9;24;1;5;0;3;5.5;59.5;-135.5;87;0.7;;-;0
2233;1994;11;4;4;1;;4;;59.5;-135.3;87;7.62;;3;2.5
4242;1966;5;8;;;;4;;59.6;10.633;73;;;;3
5458;1883;5;20;;;;1;;-6.004;106.781;60;;;;1
1180;1889;8;16;;;;2;;-6.05;105.92;60;;;;1
927;1863;3;16;;;;1;;-6.1;106.7;60;;;;0
39;416;;;;;;2;;-6.102;105.423;60;;;2;3.5
1142;1883;8;27;2;5;;4;;-6.102;105.423;60;41;;5;4
1144;1883;10;10;;;;2;;-6.102;105.423;60;;;;0
1145;1884;2;;;;;2;;-6.102;105.423;60;;;;0
392;1722;10;;;;;1;;-6.174;106.829;60;;;;0
2086;1976;8;16;1;1;7;4;8;6.292;124.09;84;9;;2;2.5
912;1861;6;5;;;;2;;-6.3;107.3;60;;;1;1
1949;1963;12;16;1;5;3;2;6.6;-6.4;105.4;60;;;-;0
1512;1923;3;2;1;4;5;3;7.2;6.5;124;84;;;;0.5
1536;1924;4;14;1;2;2;4;8.3;6.5;126.5;84;;;;0.5
643;1823;9;9;;;;2;6.8;-6.5;108.5;60;0.3;;;-1.5
5454;1852;1;9;;;;3;6.5;-6.5;105.5;60;;;;0.5
2040;1971;9;25;4;3;1;2;7;-6.5;146.6;82;1.8;;0;0.5
2076;1975;7;20;1;3;3;4;7.9;-6.59;155.054;82;2;;1;1
2014;1969;8;2;4;3;2;4;5.4;-6.6;146.9;82;;;;-1
1238;1897;3;15;;;;2;5.5;-6.8;120.8;60;;;;1
1907;1960;11;20;2;1;5;3;6.8;-6.8;-80.7;89;9;;3;4
285;1659;11;11;;;;2;;-6.92;129.125;83;1.5;;;0
1399;1911;9;22;5;1;2;1;6.9;60.5;-149;87;;;;0.5
1954;1964;3;28;3;3;1;4;9.2;61.017;-147.648;87;67.1;;6;3.5
4247;1998;3;19;1;3;;4;;61.183;5.267;73;6;;;4
4248;1983;8;18;9;;;4;;61.233;7.717;73;7;;;4
4249;1994;4;28;1;3;;4;;61.267;6.583;73;4;;;4
4243;1880;4;14;;;;3;;62.083;7.117;73;;;;3
4237;1987;2;21;7;4;;4;;62.2;6.65;73;3;;;2
4252;1731;1;8;;;;4;;62.333;6.967;73;;;;6
4238;1938;3;;;;;4;;62.333;6.967;73;;;;2
4253;1756;2;;;;;4;;62.767;7.9;73;;;;6
4244;1930;5;2;;;;4;;63.317;9.85;73;;;;3
4245;1888;4;23;;;;3;;63.433;10.383;73;;;;3
4239;1952;1;9;8;;;4;;64.883;12.417;73;2;;;2
4246;1979;10;6;;;;4;;65.117;12.333;73;2;;;3
4240;1940;8;31;7;;;4;;65.883;13.167;73;;;;2
4254;1810;;;;;;4;;69.433;20.15;73;;;;6
4250;1959;5;7;;;;4;;69.817;20.917;73;;;;4
1730;1939;1;30;2;1;3;2;7.7;-7.08;155.386;82;;;0;1
729;1843;2;7;;;;1;6;-7.2;114;60;;;;0
2064;1974;2;1;3;1;3;4;7.1;-7.4;155.6;82;4.5;;2;2
1290;1902;8;21;1;1;;1;7.3;7.5;123.5;84;;;;2
2063;1974;1;31;2;3;5;4;7;-7.5;155.9;82;1.5;;2;1
1318;1904;9;7;;;;1;;-7.7;109;60;;;;0
613;1815;4;10;;;;4;;-8.2;118;60;3.5;;2;1.5
695;1836;3;5;;;;2;;-8.3;118.7;60;;;;0.5
701;1836;11;28;;;;2;7.5;-8.3;118.7;60;;;;0.5
1607;1928;8;4;;;;4;;-8.32;121.708;60;10;;3;3
1942;1963;3;30;;;;2;;8.342;115.508;83;;;;2
1219;1895;3;6;8;3;;4;7.3;-8.4;150.1;82;6;;2;2
2245;1995;5;14;1;3;2;4;6.9;-8.452;125.049;60;4;;2;1.5
2214;1992;12;12;5;2;2;4;7.8;-8.48;121.896;60;26.2;;4;2.7
824;1854;8;4;;;;2;7.2;8.5;-83;88;;;;1.5
825;1854;8;7;;;;2;7.2;8.5;-83;88;;;;1.5
1546;1924;8;30;3;4;7;2;7.3;8.5;126.5;84;;;;0.5
1617;1929;6;13;9;2;3;2;7.2;8.5;127;84;;;;0.5
1749;1941;12;6;2;2;4;4;6.9;8.5;-84;88;0.1;;-;-4
861;1856;7;25;;;;2;;-8.5;116;60;;;;0
1748;1941;12;5;2;4;5;4;7.6;8.7;-83.2;88;0.23;;-;-3
2205;1991;10;14;1;5;1;4;7.2;-9.094;158.442;82;0.15;;-;-2.5
1020;1871;4;30;;;;1;;9.203;124.673;84;;;;2
1733;1939;4;30;2;5;2;3;7.9;-9.295;159.234;82;10.5;;3;1.5
1522;1923;7;18;2;2;1;1;5.5;9.3;125;84;;;0;1
1554;1925;5;5;1;6;6;2;6.8;9.3;122.7;84;;;;0.5
1904;1960;6;11;1;1;9;3;6.6;-9.4;152.3;82;;;-;0
2261;1996;2;21;1;5;1;4;7.5;-9.593;-79.587;89;5.1;;2;1.9
1572;1926;9;16;1;5;1;4;6.9;-9.674;159.519;82;2;;1;1.5
2089;1977;4;20;2;1;1;4;6.8;-9.828;163.323;82;0.15;;-;-1
2090;1977;4;21;4;2;9;4;8.1;-9.965;160.731;82;0.04;;-;-1.5
