Lat(y);Long(x);PGA
-35.000;15.000;0.0264
-34.750;15.000;0.0306
-34.500;15.000;0.0306
-34.250;15.000;0.0306
-34.000;15.000;0.0314
-33.750;15.000;0.0305
-33.500;15.000;0.0297
-33.250;15.000;0.0203
-33.000;15.000;0.0203
-32.750;15.000;0.0202
-32.500;15.000;0.0190
-32.250;15.000;0.0179
-32.000;15.000;0.0158
-31.750;15.000;0.0148
-31.500;15.000;0.0139
-31.250;15.000;0.0133
-31.000;15.000;0.0198
-30.750;15.000;0.0192
-30.500;15.000;0.0193
-30.250;15.000;0.0193
-30.000;15.000;0.0205
-29.750;15.000;0.0220
-29.500;15.000;0.0205
-29.250;15.000;0.0201
-29.000;15.000;0.0197
-28.750;15.000;0.0200
-28.500;15.000;0.0195
-28.250;15.000;0.0191
-28.000;15.000;0.0182
-27.750;15.000;0.0174
-27.500;15.000;0.0160
-27.250;15.000;0.0148
-27.000;15.000;0.0113
-26.750;15.000;0.0109
-26.500;15.000;0.0107
-26.250;15.000;0.0106
-26.000;15.000;0.0106
-25.750;15.000;0.0105
-25.500;15.000;0.0101
-25.250;15.000;0.0096
-25.000;15.000;0.0089
-24.750;15.000;0.0081
-24.500;15.000;0.0064
-24.250;15.000;0.0021
-24.000;15.000;0.0021
-23.750;15.000;0.0021
-23.500;15.000;0.0001
-23.250;15.000;0.0001
-23.000;15.000;0.0001
-22.750;15.000;0.0001
-22.500;15.000;0.0001
-22.250;15.000;0.0001
-22.000;15.000;0.0001
-21.750;15.000;0.0001
-21.500;15.000;0.0001
-21.250;15.000;0.0001
-21.000;15.000;0.0001
-35.000;15.250;0.0268
-34.750;15.250;0.0308
-34.500;15.250;0.0307
-34.250;15.250;0.0307
-34.000;15.250;0.0318
-33.750;15.250;0.0307
-33.500;15.250;0.0299
-33.250;15.250;0.0227
-33.000;15.250;0.0205
-32.750;15.250;0.0204
-32.500;15.250;0.0194
-32.250;15.250;0.0184
-32.000;15.250;0.0166
-31.750;15.250;0.0158
-31.500;15.250;0.0152
-31.250;15.250;0.0147
-31.000;15.250;0.0200
-30.750;15.250;0.0194
-30.500;15.250;0.0194
-30.250;15.250;0.0194
-30.000;15.250;0.0205
-29.750;15.250;0.0221
-29.500;15.250;0.0206
-29.250;15.250;0.0201
-29.000;15.250;0.0198
-28.750;15.250;0.0197
-28.500;15.250;0.0197
-28.250;15.250;0.0198
-28.000;15.250;0.0189
-27.750;15.250;0.0180
-27.500;15.250;0.0166
-27.250;15.250;0.0155
-27.000;15.250;0.0123
-26.750;15.250;0.0109
-26.500;15.250;0.0107
-26.250;15.250;0.0108
-26.000;15.250;0.0109
-25.750;15.250;0.0108
-25.500;15.250;0.0104
-25.250;15.250;0.0099
-25.000;15.250;0.0093
-24.750;15.250;0.0083
-24.500;15.250;0.0067
-24.250;15.250;0.0030
-24.000;15.250;0.0030
-23.750;15.250;0.0030
-23.500;15.250;0.0001
-23.250;15.250;0.0001
-23.000;15.250;0.0001
-22.750;15.250;0.0001
-22.500;15.250;0.0001
-22.250;15.250;0.0001
-22.000;15.250;0.0001
-21.750;15.250;0.0001
-21.500;15.250;0.0001
-21.250;15.250;0.0001
-21.000;15.250;0.0001
-35.000;15.500;0.0271
-34.750;15.500;0.0309
-34.500;15.500;0.0309
-34.250;15.500;0.0308
-34.000;15.500;0.0320
-33.750;15.500;0.0308
-33.500;15.500;0.0300
-33.250;15.500;0.0231
-33.000;15.500;0.0206
-32.750;15.500;0.0205
-32.500;15.500;0.0196
-32.250;15.500;0.0187
-32.000;15.500;0.0171
-31.750;15.500;0.0164
-31.500;15.500;0.0160
-31.250;15.500;0.0157
-31.000;15.500;0.0202
-30.750;15.500;0.0196
-30.500;15.500;0.0194
-30.250;15.500;0.0194
-30.000;15.500;0.0205
-29.750;15.500;0.0222
-29.500;15.500;0.0206
-29.250;15.500;0.0201
-29.000;15.500;0.0197
-28.750;15.500;0.0194
-28.500;15.500;0.0191
-28.250;15.500;0.0191
-28.000;15.500;0.0187
-27.750;15.500;0.0182
-27.500;15.500;0.0172
-27.250;15.500;0.0161
-27.000;15.500;0.0129
-26.750;15.500;0.0109
-26.500;15.500;0.0108
-26.250;15.500;0.0109
-26.000;15.500;0.0118
-25.750;15.500;0.0158
-25.500;15.500;0.0115
-25.250;15.500;0.0106
-25.000;15.500;0.0101
-24.750;15.500;0.0095
-24.500;15.500;0.0083
-24.250;15.500;0.0059
-24.000;15.500;0.0059
-23.750;15.500;0.0059
-23.500;15.500;0.0001
-23.250;15.500;0.0001
-23.000;15.500;0.0001
-22.750;15.500;0.0001
-22.500;15.500;0.0001
-22.250;15.500;0.0001
-22.000;15.500;0.0001
-21.750;15.500;0.0001
-21.500;15.500;0.0001
-21.250;15.500;0.0001
-21.000;15.500;0.0001
-35.000;15.750;0.0272
-34.750;15.750;0.0298
-34.500;15.750;0.0310
-34.250;15.750;0.0309
-34.000;15.750;0.0321
-33.750;15.750;0.0308
-33.500;15.750;0.0301
-33.250;15.750;0.0233
-33.000;15.750;0.0207
-32.750;15.750;0.0206
-32.500;15.750;0.0197
-32.250;15.750;0.0189
-32.000;15.750;0.0174
-31.750;15.750;0.0168
-31.500;15.750;0.0166
-31.250;15.750;0.0163
-31.000;15.750;0.0203
-30.750;15.750;0.0197
-30.500;15.750;0.0195
-30.250;15.750;0.0195
-30.000;15.750;0.0206
-29.750;15.750;0.0222
-29.500;15.750;0.0206
-29.250;15.750;0.0202
-29.000;15.750;0.0196
-28.750;15.750;0.0192
-28.500;15.750;0.0184
-28.250;15.750;0.0182
-28.000;15.750;0.0173
-27.750;15.750;0.0165
-27.500;15.750;0.0154
-27.250;15.750;0.0144
-27.000;15.750;0.0110
-26.750;15.750;0.0109
-26.500;15.750;0.0108
-26.250;15.750;0.0108
-26.000;15.750;0.0109
-25.750;15.750;0.0149
-25.500;15.750;0.0206
-25.250;15.750;0.0844
-25.000;15.750;0.0168
-24.750;15.750;0.0104
-24.500;15.750;0.0095
-24.250;15.750;0.0079
-24.000;15.750;0.0090
-23.750;15.750;0.0112
-23.500;15.750;0.0096
-23.250;15.750;0.0020
-23.000;15.750;0.0001
-22.750;15.750;0.0001
-22.500;15.750;0.0001
-22.250;15.750;0.0001
-22.000;15.750;0.0001
-21.750;15.750;0.0001
-21.500;15.750;0.0001
-21.250;15.750;0.0001
-21.000;15.750;0.0001
-35.000;16.000;0.0273
-34.750;16.000;0.0298
-34.500;16.000;0.0310
-34.250;16.000;0.0309
-34.000;16.000;0.0322
-33.750;16.000;0.0308
-33.500;16.000;0.0301
-33.250;16.000;0.0235
-33.000;16.000;0.0234
-32.750;16.000;0.0207
-32.500;16.000;0.0198
-32.250;16.000;0.0190
-32.000;16.000;0.0176
-31.750;16.000;0.0171
-31.500;16.000;0.0170
-31.250;16.000;0.0203
-31.000;16.000;0.0203
-30.750;16.000;0.0198
-30.500;16.000;0.0202
-30.250;16.000;0.0213
-30.000;16.000;0.0217
-29.750;16.000;0.0280
-29.500;16.000;0.0264
-29.250;16.000;0.0233
-29.000;16.000;0.0218
-28.750;16.000;0.0206
-28.500;16.000;0.0201
-28.250;16.000;0.0196
-28.000;16.000;0.0191
-27.750;16.000;0.0178
-27.500;16.000;0.0170
-27.250;16.000;0.0157
-27.000;16.000;0.0138
-26.750;16.000;0.0109
-26.500;16.000;0.0108
-26.250;16.000;0.0108
-26.000;16.000;0.0108
-25.750;16.000;0.0109
-25.500;16.000;0.0109
-25.250;16.000;0.0108
-25.000;16.000;0.0107
-24.750;16.000;0.0103
-24.500;16.000;0.0097
-24.250;16.000;0.0103
-24.000;16.000;0.0102
-23.750;16.000;0.0157
-23.500;16.000;0.0144
-23.250;16.000;0.0120
-23.000;16.000;0.0094
-22.750;16.000;0.0094
-22.500;16.000;0.0001
-22.250;16.000;0.0001
-22.000;16.000;0.0001
-21.750;16.000;0.0001
-21.500;16.000;0.0001
-21.250;16.000;0.0001
-21.000;16.000;0.0001
-35.000;16.250;0.0274
-34.750;16.250;0.0298
-34.500;16.250;0.0311
-34.250;16.250;0.0309
-34.000;16.250;0.0322
-33.750;16.250;0.0309
-33.500;16.250;0.0302
-33.250;16.250;0.0258
-33.000;16.250;0.0235
-32.750;16.250;0.0207
-32.500;16.250;0.0199
-32.250;16.250;0.0191
-32.000;16.250;0.0178
-31.750;16.250;0.0176
-31.500;16.250;0.0178
-31.250;16.250;0.0204
-31.000;16.250;0.0204
-30.750;16.250;0.0207
-30.500;16.250;0.0203
-30.250;16.250;0.0209
-30.000;16.250;0.0305
-29.750;16.250;0.0318
-29.500;16.250;0.0287
-29.250;16.250;0.0270
-29.000;16.250;0.0251
-28.750;16.250;0.0244
-28.500;16.250;0.0229
-28.250;16.250;0.0218
-28.000;16.250;0.0207
-27.750;16.250;0.0198
-27.500;16.250;0.0187
-27.250;16.250;0.0180
-27.000;16.250;0.0155
-26.750;16.250;0.0110
-26.500;16.250;0.0108
-26.250;16.250;0.0108
-26.000;16.250;0.0108
-25.750;16.250;0.0108
-25.500;16.250;0.0108
-25.250;16.250;0.0108
-25.000;16.250;0.0107
-24.750;16.250;0.0113
-24.500;16.250;0.0111
-24.250;16.250;0.0108
-24.000;16.250;0.0183
-23.750;16.250;0.0177
-23.500;16.250;0.0167
-23.250;16.250;0.0157
-23.000;16.250;0.0141
-22.750;16.250;0.0100
-22.500;16.250;0.0027
-22.250;16.250;0.0001
-22.000;16.250;0.0001
-21.750;16.250;0.0001
-21.500;16.250;0.0001
-21.250;16.250;0.0001
-21.000;16.250;0.0001
-35.000;16.500;0.0274
-34.750;16.500;0.0298
-34.500;16.500;0.0311
-34.250;16.500;0.0360
-34.000;16.500;0.0390
-33.750;16.500;0.0374
-33.500;16.500;0.0308
-33.250;16.500;0.0298
-33.000;16.500;0.0275
-32.750;16.500;0.0256
-32.500;16.500;0.0238
-32.250;16.500;0.0208
-32.000;16.500;0.0201
-31.750;16.500;0.0191
-31.500;16.500;0.0188
-31.250;16.500;0.0205
-31.000;16.500;0.0226
-30.750;16.500;0.0248
-30.500;16.500;0.0259
-30.250;16.500;0.0303
-30.000;16.500;0.0310
-29.750;16.500;0.0303
-29.500;16.500;0.0294
-29.250;16.500;0.0278
-29.000;16.500;0.0272
-28.750;16.500;0.0264
-28.500;16.500;0.0259
-28.250;16.500;0.0250
-28.000;16.500;0.0247
-27.750;16.500;0.0217
-27.500;16.500;0.0202
-27.250;16.500;0.0192
-27.000;16.500;0.0185
-26.750;16.500;0.0151
-26.500;16.500;0.0110
-26.250;16.500;0.0110
-26.000;16.500;0.0110
-25.750;16.500;0.0112
-25.500;16.500;0.0121
-25.250;16.500;0.0110
-25.000;16.500;0.0202
-24.750;16.500;0.0217
-24.500;16.500;0.0121
-24.250;16.500;0.0109
-24.000;16.500;0.0193
-23.750;16.500;0.0192
-23.500;16.500;0.0184
-23.250;16.500;0.0174
-23.000;16.500;0.0164
-22.750;16.500;0.0132
-22.500;16.500;0.0106
-22.250;16.500;0.0065
-22.000;16.500;0.0001
-21.750;16.500;0.0001
-21.500;16.500;0.0001
-21.250;16.500;0.0001
-21.000;16.500;0.0001
-35.000;16.750;0.0292
-34.750;16.750;0.0339
-34.500;16.750;0.0485
-34.250;16.750;0.0614
-34.000;16.750;0.0749
-33.750;16.750;0.0636
-33.500;16.750;0.0438
-33.250;16.750;0.0354
-33.000;16.750;0.0298
-32.750;16.750;0.0283
-32.500;16.750;0.0260
-32.250;16.750;0.0238
-32.000;16.750;0.0207
-31.750;16.750;0.0202
-31.500;16.750;0.0207
-31.250;16.750;0.0248
-31.000;16.750;0.0287
-30.750;16.750;0.0288
-30.500;16.750;0.0295
-30.250;16.750;0.0329
-30.000;16.750;0.0347
-29.750;16.750;0.0345
-29.500;16.750;0.0308
-29.250;16.750;0.0297
-29.000;16.750;0.0286
-28.750;16.750;0.0277
-28.500;16.750;0.0267
-28.250;16.750;0.0262
-28.000;16.750;0.0251
-27.750;16.750;0.0235
-27.500;16.750;0.0199
-27.250;16.750;0.0192
-27.000;16.750;0.0182
-26.750;16.750;0.0157
-26.500;16.750;0.0111
-26.250;16.750;0.0111
-26.000;16.750;0.0113
-25.750;16.750;0.0119
-25.500;16.750;0.0181
-25.250;16.750;0.0284
-25.000;16.750;0.0304
-24.750;16.750;0.0195
-24.500;16.750;0.0128
-24.250;16.750;0.0289
-24.000;16.750;0.0205
-23.750;16.750;0.0201
-23.500;16.750;0.0194
-23.250;16.750;0.0187
-23.000;16.750;0.0167
-22.750;16.750;0.0155
-22.500;16.750;0.0137
-22.250;16.750;0.0108
-22.000;16.750;0.0063
-21.750;16.750;0.0001
-21.500;16.750;0.0001
-21.250;16.750;0.0001
-21.000;16.750;0.0001
-35.000;17.000;0.0375
-34.750;17.000;0.0732
-34.500;17.000;0.0986
-34.250;17.000;0.1067
-34.000;17.000;0.1075
-33.750;17.000;0.1009
-33.500;17.000;0.0956
-33.250;17.000;0.0693
-33.000;17.000;0.0451
-32.750;17.000;0.0314
-32.500;17.000;0.0297
-32.250;17.000;0.0276
-32.000;17.000;0.0260
-31.750;17.000;0.0250
-31.500;17.000;0.0274
-31.250;17.000;0.0301
-31.000;17.000;0.0303
-30.750;17.000;0.0295
-30.500;17.000;0.0295
-30.250;17.000;0.0366
-30.000;17.000;0.0394
-29.750;17.000;0.0428
-29.500;17.000;0.0424
-29.250;17.000;0.0359
-29.000;17.000;0.0332
-28.750;17.000;0.0306
-28.500;17.000;0.0294
-28.250;17.000;0.0282
-28.000;17.000;0.0273
-27.750;17.000;0.0251
-27.500;17.000;0.0209
-27.250;17.000;0.0196
-27.000;17.000;0.0192
-26.750;17.000;0.0170
-26.500;17.000;0.0130
-26.250;17.000;0.0129
-26.000;17.000;0.0132
-25.750;17.000;0.0159
-25.500;17.000;0.0209
-25.250;17.000;0.0373
-25.000;17.000;0.0306
-24.750;17.000;0.0212
-24.500;17.000;0.0160
-24.250;17.000;0.0259
-24.000;17.000;0.0345
-23.750;17.000;0.0280
-23.500;17.000;0.0210
-23.250;17.000;0.0194
-23.000;17.000;0.0180
-22.750;17.000;0.0171
-22.500;17.000;0.0156
-22.250;17.000;0.0136
-22.000;17.000;0.0107
-21.750;17.000;0.0032
-21.500;17.000;0.0001
-21.250;17.000;0.0001
-21.000;17.000;0.0001
-35.000;17.250;0.0813
-34.750;17.250;0.1040
-34.500;17.250;0.1084
-34.250;17.250;0.1081
-34.000;17.250;0.1043
-33.750;17.250;0.0949
-33.500;17.250;0.0898
-33.250;17.250;0.0891
-33.000;17.250;0.0483
-32.750;17.250;0.0365
-32.500;17.250;0.0305
-32.250;17.250;0.0293
-32.000;17.250;0.0279
-31.750;17.250;0.0285
-31.500;17.250;0.0308
-31.250;17.250;0.0309
-31.000;17.250;0.0301
-30.750;17.250;0.0295
-30.500;17.250;0.0321
-30.250;17.250;0.0391
-30.000;17.250;0.0442
-29.750;17.250;0.0465
-29.500;17.250;0.0459
-29.250;17.250;0.0399
-29.000;17.250;0.0358
-28.750;17.250;0.0341
-28.500;17.250;0.0305
-28.250;17.250;0.0294
-28.000;17.250;0.0279
-27.750;17.250;0.0260
-27.500;17.250;0.0206
-27.250;17.250;0.0199
-27.000;17.250;0.0190
-26.750;17.250;0.0171
-26.500;17.250;0.0132
-26.250;17.250;0.0130
-26.000;17.250;0.0117
-25.750;17.250;0.0134
-25.500;17.250;0.0168
-25.250;17.250;0.0196
-25.000;17.250;0.0577
-24.750;17.250;0.0268
-24.500;17.250;0.0295
-24.250;17.250;0.0292
-24.000;17.250;0.0266
-23.750;17.250;0.0333
-23.500;17.250;0.0311
-23.250;17.250;0.0235
-23.000;17.250;0.0192
-22.750;17.250;0.0181
-22.500;17.250;0.0169
-22.250;17.250;0.0153
-22.000;17.250;0.0130
-21.750;17.250;0.0100
-21.500;17.250;0.0100
-21.250;17.250;0.0001
-21.000;17.250;0.0001
-35.000;17.500;0.0970
-34.750;17.500;0.1088
-34.500;17.500;0.1084
-34.250;17.500;0.0959
-34.000;17.500;0.0923
-33.750;17.500;0.0930
-33.500;17.500;0.0934
-33.250;17.500;0.0917
-33.000;17.500;0.0883
-32.750;17.500;0.0511
-32.500;17.500;0.0393
-32.250;17.500;0.0321
-32.000;17.500;0.0303
-31.750;17.500;0.0307
-31.500;17.500;0.0322
-31.250;17.500;0.0312
-31.000;17.500;0.0300
-30.750;17.500;0.0304
-30.500;17.500;0.0331
-30.250;17.500;0.0406
-30.000;17.500;0.0477
-29.750;17.500;0.0503
-29.500;17.500;0.0510
-29.250;17.500;0.0467
-29.000;17.500;0.0397
-28.750;17.500;0.0367
-28.500;17.500;0.0351
-28.250;17.500;0.0307
-28.000;17.500;0.0296
-27.750;17.500;0.0271
-27.500;17.500;0.0234
-27.250;17.500;0.0207
-27.000;17.500;0.0201
-26.750;17.500;0.0177
-26.500;17.500;0.0150
-26.250;17.500;0.0134
-26.000;17.500;0.0126
-25.750;17.500;0.0130
-25.500;17.500;0.0146
-25.250;17.500;0.0169
-25.000;17.500;0.0195
-24.750;17.500;0.0455
-24.500;17.500;0.0386
-24.250;17.500;0.0305
-24.000;17.500;0.0335
-23.750;17.500;0.0259
-23.500;17.500;0.0236
-23.250;17.500;0.0256
-23.000;17.500;0.0248
-22.750;17.500;0.0189
-22.500;17.500;0.0178
-22.250;17.500;0.0165
-22.000;17.500;0.0160
-21.750;17.500;0.0135
-21.500;17.500;0.0085
-21.250;17.500;0.0001
-21.000;17.500;0.0001
-35.000;17.750;0.1082
-34.750;17.750;0.1087
-34.500;17.750;0.0995
-34.250;17.750;0.0919
-34.000;17.750;0.0957
-33.750;17.750;0.0995
-33.500;17.750;0.1038
-33.250;17.750;0.1041
-33.000;17.750;0.0979
-32.750;17.750;0.0730
-32.500;17.750;0.0424
-32.250;17.750;0.0361
-32.000;17.750;0.0309
-31.750;17.750;0.0316
-31.500;17.750;0.0314
-31.250;17.750;0.0307
-31.000;17.750;0.0302
-30.750;17.750;0.0324
-30.500;17.750;0.0370
-30.250;17.750;0.0411
-30.000;17.750;0.0514
-29.750;17.750;0.0537
-29.500;17.750;0.0540
-29.250;17.750;0.0504
-29.000;17.750;0.0400
-28.750;17.750;0.0378
-28.500;17.750;0.0351
-28.250;17.750;0.0313
-28.000;17.750;0.0290
-27.750;17.750;0.0265
-27.500;17.750;0.0229
-27.250;17.750;0.0210
-27.000;17.750;0.0195
-26.750;17.750;0.0179
-26.500;17.750;0.0146
-26.250;17.750;0.0125
-26.000;17.750;0.0110
-25.750;17.750;0.0110
-25.500;17.750;0.0110
-25.250;17.750;0.0123
-25.000;17.750;0.0144
-24.750;17.750;0.0188
-24.500;17.750;0.0258
-24.250;17.750;0.0775
-24.000;17.750;0.0374
-23.750;17.750;0.0294
-23.500;17.750;0.0306
-23.250;17.750;0.0217
-23.000;17.750;0.0199
-22.750;17.750;0.0192
-22.500;17.750;0.0182
-22.250;17.750;0.0183
-22.000;17.750;0.0171
-21.750;17.750;0.0153
-21.500;17.750;0.0110
-21.250;17.750;0.0015
-21.000;17.750;0.0001
-35.000;18.000;0.1082
-34.750;18.000;0.1050
-34.500;18.000;0.0914
-34.250;18.000;0.0979
-34.000;18.000;0.1080
-33.750;18.000;0.1137
-33.500;18.000;0.1150
-33.250;18.000;0.1167
-33.000;18.000;0.1162
-32.750;18.000;0.1051
-32.500;18.000;0.0734
-32.250;18.000;0.0446
-32.000;18.000;0.0374
-31.750;18.000;0.0340
-31.500;18.000;0.0329
-31.250;18.000;0.0310
-31.000;18.000;0.0315
-30.750;18.000;0.0364
-30.500;18.000;0.0383
-30.250;18.000;0.0408
-30.000;18.000;0.0461
-29.750;18.000;0.0567
-29.500;18.000;0.0589
-29.250;18.000;0.0563
-29.000;18.000;0.0469
-28.750;18.000;0.0398
-28.500;18.000;0.0377
-28.250;18.000;0.0328
-28.000;18.000;0.0295
-27.750;18.000;0.0265
-27.500;18.000;0.0253
-27.250;18.000;0.0223
-27.000;18.000;0.0204
-26.750;18.000;0.0187
-26.500;18.000;0.0174
-26.250;18.000;0.0152
-26.000;18.000;0.0143
-25.750;18.000;0.0133
-25.500;18.000;0.0122
-25.250;18.000;0.0132
-25.000;18.000;0.0148
-24.750;18.000;0.0224
-24.500;18.000;0.0219
-24.250;18.000;0.0250
-24.000;18.000;0.0482
-23.750;18.000;0.0428
-23.500;18.000;0.0348
-23.250;18.000;0.0271
-23.000;18.000;0.0204
-22.750;18.000;0.0193
-22.500;18.000;0.0195
-22.250;18.000;0.0189
-22.000;18.000;0.0178
-21.750;18.000;0.0162
-21.500;18.000;0.0138
-21.250;18.000;0.0090
-21.000;18.000;0.0001
-35.000;18.250;0.1083
-34.750;18.250;0.0983
-34.500;18.250;0.0940
-34.250;18.250;0.1075
-34.000;18.250;0.1152
-33.750;18.250;0.1178
-33.500;18.250;0.1177
-33.250;18.250;0.1181
-33.000;18.250;0.1178
-32.750;18.250;0.1127
-32.500;18.250;0.0772
-32.250;18.250;0.0567
-32.000;18.250;0.0385
-31.750;18.250;0.0359
-31.500;18.250;0.0336
-31.250;18.250;0.0327
-31.000;18.250;0.0348
-30.750;18.250;0.0377
-30.500;18.250;0.0401
-30.250;18.250;0.0417
-30.000;18.250;0.0470
-29.750;18.250;0.0533
-29.500;18.250;0.0584
-29.250;18.250;0.0580
-29.000;18.250;0.0476
-28.750;18.250;0.0430
-28.500;18.250;0.0381
-28.250;18.250;0.0336
-28.000;18.250;0.0287
-27.750;18.250;0.0274
-27.500;18.250;0.0253
-27.250;18.250;0.0225
-27.000;18.250;0.0201
-26.750;18.250;0.0190
-26.500;18.250;0.0172
-26.250;18.250;0.0160
-26.000;18.250;0.0149
-25.750;18.250;0.0146
-25.500;18.250;0.0144
-25.250;18.250;0.0141
-25.000;18.250;0.0160
-24.750;18.250;0.0214
-24.500;18.250;0.0201
-24.250;18.250;0.0204
-24.000;18.250;0.0213
-23.750;18.250;0.0235
-23.500;18.250;0.0430
-23.250;18.250;0.0652
-23.000;18.250;0.0257
-22.750;18.250;0.0226
-22.500;18.250;0.0204
-22.250;18.250;0.0193
-22.000;18.250;0.0183
-21.750;18.250;0.0171
-21.500;18.250;0.0150
-21.250;18.250;0.0109
-21.000;18.250;0.0109
-35.000;18.500;0.1082
-34.750;18.500;0.0918
-34.500;18.500;0.0990
-34.250;18.500;0.1136
-34.000;18.500;0.1173
-33.750;18.500;0.1188
-33.500;18.500;0.1183
-33.250;18.500;0.1184
-33.000;18.500;0.1187
-32.750;18.500;0.1147
-32.500;18.500;0.0946
-32.250;18.500;0.0746
-32.000;18.500;0.0520
-31.750;18.500;0.0378
-31.500;18.500;0.0356
-31.250;18.500;0.0342
-31.000;18.500;0.0347
-30.750;18.500;0.0387
-30.500;18.500;0.0407
-30.250;18.500;0.0436
-30.000;18.500;0.0453
-29.750;18.500;0.0493
-29.500;18.500;0.0524
-29.250;18.500;0.0556
-29.000;18.500;0.0537
-28.750;18.500;0.0492
-28.500;18.500;0.0454
-28.250;18.500;0.0368
-28.000;18.500;0.0317
-27.750;18.500;0.0285
-27.500;18.500;0.0268
-27.250;18.500;0.0229
-27.000;18.500;0.0208
-26.750;18.500;0.0198
-26.500;18.500;0.0189
-26.250;18.500;0.0176
-26.000;18.500;0.0172
-25.750;18.500;0.0179
-25.500;18.500;0.0188
-25.250;18.500;0.0200
-25.000;18.500;0.0209
-24.750;18.500;0.0209
-24.500;18.500;0.0197
-24.250;18.500;0.0197
-24.000;18.500;0.0191
-23.750;18.500;0.0195
-23.500;18.500;0.0203
-23.250;18.500;0.0250
-23.000;18.500;0.0581
-22.750;18.500;0.0297
-22.500;18.500;0.0264
-22.250;18.500;0.0202
-22.000;18.500;0.0186
-21.750;18.500;0.0173
-21.500;18.500;0.0155
-21.250;18.500;0.0123
-21.000;18.500;0.0064
-35.000;18.750;0.1059
-34.750;18.750;0.0929
-34.500;18.750;0.1099
-34.250;18.750;0.1156
-34.000;18.750;0.1187
-33.750;18.750;0.1189
-33.500;18.750;0.1189
-33.250;18.750;0.1193
-33.000;18.750;0.1196
-32.750;18.750;0.1146
-32.500;18.750;0.0916
-32.250;18.750;0.0823
-32.000;18.750;0.0492
-31.750;18.750;0.0388
-31.500;18.750;0.0354
-31.250;18.750;0.0347
-31.000;18.750;0.0363
-30.750;18.750;0.0393
-30.500;18.750;0.0430
-30.250;18.750;0.0447
-30.000;18.750;0.0477
-29.750;18.750;0.0496
-29.500;18.750;0.0535
-29.250;18.750;0.0574
-29.000;18.750;0.0598
-28.750;18.750;0.0569
-28.500;18.750;0.0480
-28.250;18.750;0.0402
-28.000;18.750;0.0330
-27.750;18.750;0.0293
-27.500;18.750;0.0261
-27.250;18.750;0.0237
-27.000;18.750;0.0208
-26.750;18.750;0.0203
-26.500;18.750;0.0194
-26.250;18.750;0.0189
-26.000;18.750;0.0196
-25.750;18.750;0.0208
-25.500;18.750;0.0252
-25.250;18.750;0.0266
-25.000;18.750;0.0296
-24.750;18.750;0.0305
-24.500;18.750;0.0273
-24.250;18.750;0.0204
-24.000;18.750;0.0189
-23.750;18.750;0.0189
-23.500;18.750;0.0197
-23.250;18.750;0.0202
-23.000;18.750;0.0215
-22.750;18.750;0.0256
-22.500;18.750;0.0278
-22.250;18.750;0.0778
-22.000;18.750;0.0256
-21.750;18.750;0.0180
-21.500;18.750;0.0155
-21.250;18.750;0.0129
-21.000;18.750;0.0090
-35.000;19.000;0.1063
-34.750;19.000;0.0976
-34.500;19.000;0.1089
-34.250;19.000;0.1173
-34.000;19.000;0.1190
-33.750;19.000;0.1207
-33.500;19.000;0.1232
-33.250;19.000;0.1275
-33.000;19.000;0.1269
-32.750;19.000;0.1173
-32.500;19.000;0.1080
-32.250;19.000;0.0937
-32.000;19.000;0.0705
-31.750;19.000;0.0400
-31.500;19.000;0.0356
-31.250;19.000;0.0352
-31.000;19.000;0.0362
-30.750;19.000;0.0393
-30.500;19.000;0.0421
-30.250;19.000;0.0464
-30.000;19.000;0.0481
-29.750;19.000;0.0508
-29.500;19.000;0.0568
-29.250;19.000;0.0694
-29.000;19.000;0.0749
-28.750;19.000;0.0741
-28.500;19.000;0.0672
-28.250;19.000;0.0546
-28.000;19.000;0.0469
-27.750;19.000;0.0350
-27.500;19.000;0.0296
-27.250;19.000;0.0253
-27.000;19.000;0.0232
-26.750;19.000;0.0209
-26.500;19.000;0.0206
-26.250;19.000;0.0205
-26.000;19.000;0.0233
-25.750;19.000;0.0283
-25.500;19.000;0.0288
-25.250;19.000;0.0291
-25.000;19.000;0.0293
-24.750;19.000;0.0306
-24.500;19.000;0.0331
-24.250;19.000;0.0317
-24.000;19.000;0.0204
-23.750;19.000;0.0197
-23.500;19.000;0.0198
-23.250;19.000;0.0203
-23.000;19.000;0.0223
-22.750;19.000;0.0267
-22.500;19.000;0.0271
-22.250;19.000;0.0866
-22.000;19.000;0.0206
-21.750;19.000;0.0178
-21.500;19.000;0.0161
-21.250;19.000;0.0135
-21.000;19.000;0.0082
-35.000;19.250;0.1046
-34.750;19.250;0.0989
-34.500;19.250;0.1132
-34.250;19.250;0.1184
-34.000;19.250;0.1209
-33.750;19.250;0.1256
-33.500;19.250;0.1290
-33.250;19.250;0.1290
-33.000;19.250;0.1236
-32.750;19.250;0.1156
-32.500;19.250;0.1106
-32.250;19.250;0.1042
-32.000;19.250;0.0612
-31.750;19.250;0.0414
-31.500;19.250;0.0348
-31.250;19.250;0.0350
-31.000;19.250;0.0374
-30.750;19.250;0.0393
-30.500;19.250;0.0439
-30.250;19.250;0.0469
-30.000;19.250;0.0501
-29.750;19.250;0.0564
-29.500;19.250;0.0749
-29.250;19.250;0.0796
-29.000;19.250;0.0804
-28.750;19.250;0.0767
-28.500;19.250;0.0668
-28.250;19.250;0.0603
-28.000;19.250;0.0525
-27.750;19.250;0.0442
-27.500;19.250;0.0305
-27.250;19.250;0.0270
-27.000;19.250;0.0237
-26.750;19.250;0.0220
-26.500;19.250;0.0208
-26.250;19.250;0.0216
-26.000;19.250;0.0279
-25.750;19.250;0.0292
-25.500;19.250;0.0293
-25.250;19.250;0.0293
-25.000;19.250;0.0293
-24.750;19.250;0.0296
-24.500;19.250;0.0327
-24.250;19.250;0.0334
-24.000;19.250;0.0275
-23.750;19.250;0.0197
-23.500;19.250;0.0197
-23.250;19.250;0.0198
-23.000;19.250;0.0200
-22.750;19.250;0.0205
-22.500;19.250;0.0222
-22.250;19.250;0.0224
-22.000;19.250;0.0216
-21.750;19.250;0.0192
-21.500;19.250;0.0109
-21.250;19.250;0.0104
-21.000;19.250;0.0089
-35.000;19.500;0.0587
-34.750;19.500;0.0960
-34.500;19.500;0.1073
-34.250;19.500;0.1182
-34.000;19.500;0.1226
-33.750;19.500;0.1294
-33.500;19.500;0.1298
-33.250;19.500;0.1270
-33.000;19.500;0.1212
-32.750;19.500;0.1154
-32.500;19.500;0.1133
-32.250;19.500;0.1062
-32.000;19.500;0.0966
-31.750;19.500;0.0508
-31.500;19.500;0.0379
-31.250;19.500;0.0346
-31.000;19.500;0.0359
-30.750;19.500;0.0391
-30.500;19.500;0.0414
-30.250;19.500;0.0472
-30.000;19.500;0.0518
-29.750;19.500;0.0713
-29.500;19.500;0.0812
-29.250;19.500;0.0843
-29.000;19.500;0.0835
-28.750;19.500;0.0778
-28.500;19.500;0.0694
-28.250;19.500;0.0641
-28.000;19.500;0.0604
-27.750;19.500;0.0578
-27.500;19.500;0.0476
-27.250;19.500;0.0303
-27.000;19.500;0.0267
-26.750;19.500;0.0234
-26.500;19.500;0.0222
-26.250;19.500;0.0244
-26.000;19.500;0.0270
-25.750;19.500;0.0289
-25.500;19.500;0.0289
-25.250;19.500;0.0288
-25.000;19.500;0.0290
-24.750;19.500;0.0298
-24.500;19.500;0.0299
-24.250;19.500;0.0303
-24.000;19.500;0.0308
-23.750;19.500;0.0226
-23.500;19.500;0.0199
-23.250;19.500;0.0201
-23.000;19.500;0.0206
-22.750;19.500;0.0226
-22.500;19.500;0.0245
-22.250;19.500;0.0263
-22.000;19.500;0.0688
-21.750;19.500;0.0160
-21.500;19.500;0.0109
-21.250;19.500;0.0105
-21.000;19.500;0.0088
-35.000;19.750;0.0479
-34.750;19.750;0.0723
-34.500;19.750;0.1069
-34.250;19.750;0.1161
-34.000;19.750;0.1263
-33.750;19.750;0.1272
-33.500;19.750;0.1255
-33.250;19.750;0.1220
-33.000;19.750;0.1178
-32.750;19.750;0.1168
-32.500;19.750;0.1112
-32.250;19.750;0.1040
-32.000;19.750;0.0906
-31.750;19.750;0.0619
-31.500;19.750;0.0369
-31.250;19.750;0.0349
-31.000;19.750;0.0366
-30.750;19.750;0.0390
-30.500;19.750;0.0431
-30.250;19.750;0.0468
-30.000;19.750;0.0615
-29.750;19.750;0.0761
-29.500;19.750;0.0836
-29.250;19.750;0.0834
-29.000;19.750;0.0821
-28.750;19.750;0.0783
-28.500;19.750;0.0682
-28.250;19.750;0.0663
-28.000;19.750;0.0618
-27.750;19.750;0.0619
-27.500;19.750;0.0491
-27.250;19.750;0.0345
-27.000;19.750;0.0265
-26.750;19.750;0.0244
-26.500;19.750;0.0235
-26.250;19.750;0.0253
-26.000;19.750;0.0267
-25.750;19.750;0.0276
-25.500;19.750;0.0278
-25.250;19.750;0.0280
-25.000;19.750;0.0295
-24.750;19.750;0.0299
-24.500;19.750;0.0297
-24.250;19.750;0.0295
-24.000;19.750;0.0291
-23.750;19.750;0.0248
-23.500;19.750;0.0200
-23.250;19.750;0.0201
-23.000;19.750;0.0186
-22.750;19.750;0.0194
-22.500;19.750;0.0267
-22.250;19.750;0.0321
-22.000;19.750;0.0288
-21.750;19.750;0.0216
-21.500;19.750;0.0141
-21.250;19.750;0.0107
-21.000;19.750;0.0094
-35.000;20.000;0.0363
-34.750;20.000;0.0430
-34.500;20.000;0.0713
-34.250;20.000;0.1082
-34.000;20.000;0.1194
-33.750;20.000;0.1197
-33.500;20.000;0.1186
-33.250;20.000;0.1177
-33.000;20.000;0.1174
-32.750;20.000;0.1165
-32.500;20.000;0.1126
-32.250;20.000;0.1095
-32.000;20.000;0.0948
-31.750;20.000;0.0732
-31.500;20.000;0.0483
-31.250;20.000;0.0354
-31.000;20.000;0.0353
-30.750;20.000;0.0392
-30.500;20.000;0.0426
-30.250;20.000;0.0490
-30.000;20.000;0.0602
-29.750;20.000;0.0783
-29.500;20.000;0.0814
-29.250;20.000;0.0808
-29.000;20.000;0.0796
-28.750;20.000;0.0765
-28.500;20.000;0.0722
-28.250;20.000;0.0670
-28.000;20.000;0.0643
-27.750;20.000;0.0650
-27.500;20.000;0.0633
-27.250;20.000;0.0389
-27.000;20.000;0.0293
-26.750;20.000;0.0257
-26.500;20.000;0.0246
-26.250;20.000;0.0262
-26.000;20.000;0.0266
-25.750;20.000;0.0272
-25.500;20.000;0.0274
-25.250;20.000;0.0280
-25.000;20.000;0.0294
-24.750;20.000;0.0302
-24.500;20.000;0.0300
-24.250;20.000;0.0295
-24.000;20.000;0.0290
-23.750;20.000;0.0248
-23.500;20.000;0.0186
-23.250;20.000;0.0188
-23.000;20.000;0.0184
-22.750;20.000;0.0202
-22.500;20.000;0.0257
-22.250;20.000;0.0345
-22.000;20.000;0.0346
-21.750;20.000;0.0330
-21.500;20.000;0.0128
-21.250;20.000;0.0106
-21.000;20.000;0.0095
-35.000;20.250;0.0384
-34.750;20.250;0.0384
-34.500;20.250;0.0746
-34.250;20.250;0.1095
-34.000;20.250;0.1175
-33.750;20.250;0.1175
-33.500;20.250;0.1175
-33.250;20.250;0.1176
-33.000;20.250;0.1174
-32.750;20.250;0.1156
-32.500;20.250;0.1184
-32.250;20.250;0.1136
-32.000;20.250;0.0797
-31.750;20.250;0.0776
-31.500;20.250;0.0412
-31.250;20.250;0.0359
-31.000;20.250;0.0367
-30.750;20.250;0.0398
-30.500;20.250;0.0469
-30.250;20.250;0.0519
-30.000;20.250;0.0740
-29.750;20.250;0.0817
-29.500;20.250;0.0828
-29.250;20.250;0.0808
-29.000;20.250;0.0769
-28.750;20.250;0.0752
-28.500;20.250;0.0727
-28.250;20.250;0.0677
-28.000;20.250;0.0640
-27.750;20.250;0.0663
-27.500;20.250;0.0583
-27.250;20.250;0.0391
-27.000;20.250;0.0280
-26.750;20.250;0.0263
-26.500;20.250;0.0249
-26.250;20.250;0.0262
-26.000;20.250;0.0270
-25.750;20.250;0.0274
-25.500;20.250;0.0272
-25.250;20.250;0.0274
-25.000;20.250;0.0295
-24.750;20.250;0.0301
-24.500;20.250;0.0298
-24.250;20.250;0.0293
-24.000;20.250;0.0280
-23.750;20.250;0.0232
-23.500;20.250;0.0158
-23.250;20.250;0.0158
-23.000;20.250;0.0161
-22.750;20.250;0.0163
-22.500;20.250;0.0188
-22.250;20.250;0.0207
-22.000;20.250;0.0208
-21.750;20.250;0.0189
-21.500;20.250;0.0135
-21.250;20.250;0.0109
-21.000;20.250;0.0102
-35.000;20.500;0.0363
-34.750;20.500;0.0363
-34.500;20.500;0.0463
-34.250;20.500;0.0957
-34.000;20.500;0.1289
-33.750;20.500;0.1189
-33.500;20.500;0.1200
-33.250;20.500;0.1194
-33.000;20.500;0.1242
-32.750;20.500;0.1326
-32.500;20.500;0.1265
-32.250;20.500;0.0922
-32.000;20.500;0.0794
-31.750;20.500;0.0749
-31.500;20.500;0.0532
-31.250;20.500;0.0357
-31.000;20.500;0.0367
-30.750;20.500;0.0406
-30.500;20.500;0.0439
-30.250;20.500;0.0511
-30.000;20.500;0.0651
-29.750;20.500;0.0821
-29.500;20.500;0.0851
-29.250;20.500;0.0826
-29.000;20.500;0.0790
-28.750;20.500;0.0754
-28.500;20.500;0.0754
-28.250;20.500;0.0690
-28.000;20.500;0.0659
-27.750;20.500;0.0699
-27.500;20.500;0.0625
-27.250;20.500;0.0379
-27.000;20.500;0.0294
-26.750;20.500;0.0263
-26.500;20.500;0.0249
-26.250;20.500;0.0251
-26.000;20.500;0.0269
-25.750;20.500;0.0276
-25.500;20.500;0.0273
-25.250;20.500;0.0270
-25.000;20.500;0.0278
-24.750;20.500;0.0297
-24.500;20.500;0.0299
-24.250;20.500;0.0294
-24.000;20.500;0.0284
-23.750;20.500;0.0207
-23.500;20.500;0.0180
-23.250;20.500;0.0157
-23.000;20.500;0.0162
-22.750;20.500;0.0172
-22.500;20.500;0.0184
-22.250;20.500;0.0191
-22.000;20.500;0.0182
-21.750;20.500;0.0151
-21.500;20.500;0.0131
-21.250;20.500;0.0108
-21.000;20.500;0.0097
-35.000;20.750;0.0310
-34.750;20.750;0.0362
-34.500;20.750;0.0483
-34.250;20.750;0.0762
-34.000;20.750;0.1123
-33.750;20.750;0.1259
-33.500;20.750;0.1354
-33.250;20.750;0.1353
-33.000;20.750;0.1407
-32.750;20.750;0.1269
-32.500;20.750;0.0965
-32.250;20.750;0.0893
-32.000;20.750;0.0792
-31.750;20.750;0.0741
-31.500;20.750;0.0404
-31.250;20.750;0.0355
-31.000;20.750;0.0385
-30.750;20.750;0.0405
-30.500;20.750;0.0444
-30.250;20.750;0.0496
-30.000;20.750;0.0688
-29.750;20.750;0.0797
-29.500;20.750;0.0836
-29.250;20.750;0.0832
-29.000;20.750;0.0770
-28.750;20.750;0.0741
-28.500;20.750;0.0737
-28.250;20.750;0.0689
-28.000;20.750;0.0690
-27.750;20.750;0.0702
-27.500;20.750;0.0521
-27.250;20.750;0.0364
-27.000;20.750;0.0275
-26.750;20.750;0.0259
-26.500;20.750;0.0238
-26.250;20.750;0.0239
-26.000;20.750;0.0272
-25.750;20.750;0.0277
-25.500;20.750;0.0273
-25.250;20.750;0.0272
-25.000;20.750;0.0279
-24.750;20.750;0.0291
-24.500;20.750;0.0297
-24.250;20.750;0.0290
-24.000;20.750;0.0247
-23.750;20.750;0.0195
-23.500;20.750;0.0155
-23.250;20.750;0.0141
-23.000;20.750;0.0143
-22.750;20.750;0.0149
-22.500;20.750;0.0157
-22.250;20.750;0.0160
-22.000;20.750;0.0148
-21.750;20.750;0.0111
-21.500;20.750;0.0109
-21.250;20.750;0.0106
-21.000;20.750;0.0097
-35.000;21.000;0.0290
-34.750;21.000;0.0357
-34.500;21.000;0.0404
-34.250;21.000;0.0571
-34.000;21.000;0.0878
-33.750;21.000;0.1039
-33.500;21.000;0.1075
-33.250;21.000;0.1114
-33.000;21.000;0.1085
-32.750;21.000;0.1002
-32.500;21.000;0.0942
-32.250;21.000;0.0919
-32.000;21.000;0.0872
-31.750;21.000;0.0718
-31.500;21.000;0.0436
-31.250;21.000;0.0355
-31.000;21.000;0.0371
-30.750;21.000;0.0402
-30.500;21.000;0.0423
-30.250;21.000;0.0477
-30.000;21.000;0.0564
-29.750;21.000;0.0765
-29.500;21.000;0.0813
-29.250;21.000;0.0799
-29.000;21.000;0.0779
-28.750;21.000;0.0717
-28.500;21.000;0.0701
-28.250;21.000;0.0683
-28.000;21.000;0.0707
-27.750;21.000;0.0701
-27.500;21.000;0.0552
-27.250;21.000;0.0324
-27.000;21.000;0.0281
-26.750;21.000;0.0254
-26.500;21.000;0.0242
-26.250;21.000;0.0232
-26.000;21.000;0.0249
-25.750;21.000;0.0275
-25.500;21.000;0.0279
-25.250;21.000;0.0280
-25.000;21.000;0.0280
-24.750;21.000;0.0288
-24.500;21.000;0.0295
-24.250;21.000;0.0276
-24.000;21.000;0.0226
-23.750;21.000;0.0189
-23.500;21.000;0.0174
-23.250;21.000;0.0157
-23.000;21.000;0.0162
-22.750;21.000;0.0172
-22.500;21.000;0.0183
-22.250;21.000;0.0189
-22.000;21.000;0.0178
-21.750;21.000;0.0145
-21.500;21.000;0.0133
-21.250;21.000;0.0108
-21.000;21.000;0.0097
-35.000;21.250;0.0291
-34.750;21.250;0.0358
-34.500;21.250;0.0409
-34.250;21.250;0.0495
-34.000;21.250;0.0911
-33.750;21.250;0.1009
-33.500;21.250;0.1035
-33.250;21.250;0.1048
-33.000;21.250;0.1019
-32.750;21.250;0.0968
-32.500;21.250;0.0934
-32.250;21.250;0.0918
-32.000;21.250;0.0832
-31.750;21.250;0.0654
-31.500;21.250;0.0366
-31.250;21.250;0.0355
-31.000;21.250;0.0378
-30.750;21.250;0.0403
-30.500;21.250;0.0446
-30.250;21.250;0.0468
-30.000;21.250;0.0575
-29.750;21.250;0.0710
-29.500;21.250;0.0816
-29.250;21.250;0.0793
-29.000;21.250;0.0752
-28.750;21.250;0.0713
-28.500;21.250;0.0681
-28.250;21.250;0.0696
-28.000;21.250;0.0713
-27.750;21.250;0.0657
-27.500;21.250;0.0388
-27.250;21.250;0.0303
-27.000;21.250;0.0268
-26.750;21.250;0.0254
-26.500;21.250;0.0240
-26.250;21.250;0.0236
-26.000;21.250;0.0251
-25.750;21.250;0.0265
-25.500;21.250;0.0281
-25.250;21.250;0.0284
-25.000;21.250;0.0287
-24.750;21.250;0.0287
-24.500;21.250;0.0274
-24.250;21.250;0.0240
-24.000;21.250;0.0196
-23.750;21.250;0.0182
-23.500;21.250;0.0154
-23.250;21.250;0.0141
-23.000;21.250;0.0142
-22.750;21.250;0.0147
-22.500;21.250;0.0154
-22.250;21.250;0.0157
-22.000;21.250;0.0144
-21.750;21.250;0.0110
-21.500;21.250;0.0109
-21.250;21.250;0.0105
-21.000;21.250;0.0096
-35.000;21.500;0.0271
-34.750;21.500;0.0344
-34.500;21.500;0.0391
-34.250;21.500;0.0423
-34.000;21.500;0.0539
-33.750;21.500;0.0940
-33.500;21.500;0.0983
-33.250;21.500;0.0989
-33.000;21.500;0.0987
-32.750;21.500;0.0966
-32.500;21.500;0.0940
-32.250;21.500;0.0897
-32.000;21.500;0.0775
-31.750;21.500;0.0460
-31.500;21.500;0.0375
-31.250;21.500;0.0352
-31.000;21.500;0.0357
-30.750;21.500;0.0391
-30.500;21.500;0.0420
-30.250;21.500;0.0472
-30.000;21.500;0.0490
-29.750;21.500;0.0596
-29.500;21.500;0.0721
-29.250;21.500;0.0838
-29.000;21.500;0.0806
-28.750;21.500;0.0744
-28.500;21.500;0.0693
-28.250;21.500;0.0664
-28.000;21.500;0.0664
-27.750;21.500;0.0483
-27.500;21.500;0.0347
-27.250;21.500;0.0287
-27.000;21.500;0.0276
-26.750;21.500;0.0259
-26.500;21.500;0.0250
-26.250;21.500;0.0247
-26.000;21.500;0.0252
-25.750;21.500;0.0267
-25.500;21.500;0.0276
-25.250;21.500;0.0284
-25.000;21.500;0.0284
-24.750;21.500;0.0275
-24.500;21.500;0.0256
-24.250;21.500;0.0223
-24.000;21.500;0.0206
-23.750;21.500;0.0190
-23.500;21.500;0.0174
-23.250;21.500;0.0146
-23.000;21.500;0.0143
-22.750;21.500;0.0141
-22.500;21.500;0.0139
-22.250;21.500;0.0132
-22.000;21.500;0.0113
-21.750;21.500;0.0109
-21.500;21.500;0.0108
-21.250;21.500;0.0104
-21.000;21.500;0.0090
-35.000;21.750;0.0292
-34.750;21.750;0.0325
-34.500;21.750;0.0391
-34.250;21.750;0.0403
-34.000;21.750;0.0508
-33.750;21.750;0.0788
-33.500;21.750;0.0953
-33.250;21.750;0.0972
-33.000;21.750;0.0981
-32.750;21.750;0.0970
-32.500;21.750;0.0924
-32.250;21.750;0.0843
-32.000;21.750;0.0484
-31.750;21.750;0.0404
-31.500;21.750;0.0365
-31.250;21.750;0.0355
-31.000;21.750;0.0361
-30.750;21.750;0.0380
-30.500;21.750;0.0431
-30.250;21.750;0.0471
-30.000;21.750;0.0489
-29.750;21.750;0.0523
-29.500;21.750;0.0676
-29.250;21.750;0.0765
-29.000;21.750;0.0838
-28.750;21.750;0.0754
-28.500;21.750;0.0633
-28.250;21.750;0.0593
-28.000;21.750;0.0484
-27.750;21.750;0.0374
-27.500;21.750;0.0297
-27.250;21.750;0.0286
-27.000;21.750;0.0275
-26.750;21.750;0.0265
-26.500;21.750;0.0256
-26.250;21.750;0.0258
-26.000;21.750;0.0270
-25.750;21.750;0.0284
-25.500;21.750;0.0299
-25.250;21.750;0.0305
-25.000;21.750;0.0305
-24.750;21.750;0.0289
-24.500;21.750;0.0256
-24.250;21.750;0.0235
-24.000;21.750;0.0206
-23.750;21.750;0.0193
-23.500;21.750;0.0172
-23.250;21.750;0.0156
-23.000;21.750;0.0155
-22.750;21.750;0.0154
-22.500;21.750;0.0127
-22.250;21.750;0.0114
-22.000;21.750;0.0110
-21.750;21.750;0.0109
-21.500;21.750;0.0106
-21.250;21.750;0.0100
-21.000;21.750;0.0091
-35.000;22.000;0.0265
-34.750;22.000;0.0302
-34.500;22.000;0.0331
-34.250;22.000;0.0378
-34.000;22.000;0.0391
-33.750;22.000;0.0449
-33.500;22.000;0.0512
-33.250;22.000;0.0699
-33.000;22.000;0.0806
-32.750;22.000;0.0815
-32.500;22.000;0.0704
-32.250;22.000;0.0481
-32.000;22.000;0.0407
-31.750;22.000;0.0389
-31.500;22.000;0.0380
-31.250;22.000;0.0367
-31.000;22.000;0.0368
-30.750;22.000;0.0372
-30.500;22.000;0.0387
-30.250;22.000;0.0442
-30.000;22.000;0.0468
-29.750;22.000;0.0473
-29.500;22.000;0.0479
-29.250;22.000;0.0497
-29.000;22.000;0.0510
-28.750;22.000;0.0486
-28.500;22.000;0.0461
-28.250;22.000;0.0396
-28.000;22.000;0.0369
-27.750;22.000;0.0326
-27.500;22.000;0.0306
-27.250;22.000;0.0296
-27.000;22.000;0.0290
-26.750;22.000;0.0279
-26.500;22.000;0.0275
-26.250;22.000;0.0283
-26.000;22.000;0.0295
-25.750;22.000;0.0329
-25.500;22.000;0.0360
-25.250;22.000;0.0404
-25.000;22.000;0.0422
-24.750;22.000;0.0372
-24.500;22.000;0.0312
-24.250;22.000;0.0267
-24.000;22.000;0.0237
-23.750;22.000;0.0202
-23.500;22.000;0.0175
-23.250;22.000;0.0175
-23.000;22.000;0.0176
-22.750;22.000;0.0186
-22.500;22.000;0.0209
-22.250;22.000;0.0290
-22.000;22.000;0.0349
-21.750;22.000;0.0284
-21.500;22.000;0.0177
-21.250;22.000;0.0108
-21.000;22.000;0.0099
-35.000;22.250;0.0275
-34.750;22.250;0.0293
-34.500;22.250;0.0320
-34.250;22.250;0.0350
-34.000;22.250;0.0379
-33.750;22.250;0.0394
-33.500;22.250;0.0426
-33.250;22.250;0.0462
-33.000;22.250;0.0559
-32.750;22.250;0.0543
-32.500;22.250;0.0439
-32.250;22.250;0.0400
-32.000;22.250;0.0381
-31.750;22.250;0.0381
-31.500;22.250;0.0370
-31.250;22.250;0.0366
-31.000;22.250;0.0373
-30.750;22.250;0.0371
-30.500;22.250;0.0385
-30.250;22.250;0.0405
-30.000;22.250;0.0428
-29.750;22.250;0.0425
-29.500;22.250;0.0408
-29.250;22.250;0.0406
-29.000;22.250;0.0396
-28.750;22.250;0.0382
-28.500;22.250;0.0356
-28.250;22.250;0.0344
-28.000;22.250;0.0338
-27.750;22.250;0.0327
-27.500;22.250;0.0308
-27.250;22.250;0.0305
-27.000;22.250;0.0300
-26.750;22.250;0.0293
-26.500;22.250;0.0293
-26.250;22.250;0.0302
-26.000;22.250;0.0357
-25.750;22.250;0.0398
-25.500;22.250;0.0458
-25.250;22.250;0.0495
-25.000;22.250;0.0479
-24.750;22.250;0.0432
-24.500;22.250;0.0340
-24.250;22.250;0.0290
-24.000;22.250;0.0238
-23.750;22.250;0.0207
-23.500;22.250;0.0182
-23.250;22.250;0.0175
-23.000;22.250;0.0175
-22.750;22.250;0.0176
-22.500;22.250;0.0186
-22.250;22.250;0.0198
-22.000;22.250;0.0205
-21.750;22.250;0.0196
-21.500;22.250;0.0158
-21.250;22.250;0.0154
-21.000;22.250;0.0108
-35.000;22.500;0.0244
-34.750;22.500;0.0283
-34.500;22.500;0.0299
-34.250;22.500;0.0322
-34.000;22.500;0.0327
-33.750;22.500;0.0357
-33.500;22.500;0.0370
-33.250;22.500;0.0384
-33.000;22.500;0.0403
-32.750;22.500;0.0400
-32.500;22.500;0.0386
-32.250;22.500;0.0371
-32.000;22.500;0.0366
-31.750;22.500;0.0372
-31.500;22.500;0.0365
-31.250;22.500;0.0356
-31.000;22.500;0.0367
-30.750;22.500;0.0377
-30.500;22.500;0.0375
-30.250;22.500;0.0381
-30.000;22.500;0.0382
-29.750;22.500;0.0378
-29.500;22.500;0.0375
-29.250;22.500;0.0373
-29.000;22.500;0.0370
-28.750;22.500;0.0351
-28.500;22.500;0.0336
-28.250;22.500;0.0327
-28.000;22.500;0.0329
-27.750;22.500;0.0333
-27.500;22.500;0.0336
-27.250;22.500;0.0345
-27.000;22.500;0.0355
-26.750;22.500;0.0346
-26.500;22.500;0.0350
-26.250;22.500;0.0391
-26.000;22.500;0.0486
-25.750;22.500;0.0619
-25.500;22.500;0.0652
-25.250;22.500;0.0642
-25.000;22.500;0.0614
-24.750;22.500;0.0553
-24.500;22.500;0.0468
-24.250;22.500;0.0341
-24.000;22.500;0.0283
-23.750;22.500;0.0226
-23.500;22.500;0.0202
-23.250;22.500;0.0173
-23.000;22.500;0.0173
-22.750;22.500;0.0175
-22.500;22.500;0.0176
-22.250;22.500;0.0178
-22.000;22.500;0.0175
-21.750;22.500;0.0161
-21.500;22.500;0.0141
-21.250;22.500;0.0110
-21.000;22.500;0.0102
-35.000;22.750;0.0254
-34.750;22.750;0.0281
-34.500;22.750;0.0309
-34.250;22.750;0.0316
-34.000;22.750;0.0309
-33.750;22.750;0.0327
-33.500;22.750;0.0348
-33.250;22.750;0.0359
-33.000;22.750;0.0377
-32.750;22.750;0.0380
-32.500;22.750;0.0365
-32.250;22.750;0.0359
-32.000;22.750;0.0358
-31.750;22.750;0.0361
-31.500;22.750;0.0345
-31.250;22.750;0.0349
-31.000;22.750;0.0376
-30.750;22.750;0.0385
-30.500;22.750;0.0383
-30.250;22.750;0.0378
-30.000;22.750;0.0370
-29.750;22.750;0.0369
-29.500;22.750;0.0368
-29.250;22.750;0.0363
-29.000;22.750;0.0355
-28.750;22.750;0.0348
-28.500;22.750;0.0337
-28.250;22.750;0.0336
-28.000;22.750;0.0346
-27.750;22.750;0.0355
-27.500;22.750;0.0367
-27.250;22.750;0.0376
-27.000;22.750;0.0387
-26.750;22.750;0.0393
-26.500;22.750;0.0432
-26.250;22.750;0.0520
-26.000;22.750;0.0690
-25.750;22.750;0.0716
-25.500;22.750;0.0709
-25.250;22.750;0.0701
-25.000;22.750;0.0669
-24.750;22.750;0.0634
-24.500;22.750;0.0502
-24.250;22.750;0.0398
-24.000;22.750;0.0282
-23.750;22.750;0.0240
-23.500;22.750;0.0197
-23.250;22.750;0.0175
-23.000;22.750;0.0175
-22.750;22.750;0.0175
-22.500;22.750;0.0174
-22.250;22.750;0.0171
-22.000;22.750;0.0165
-21.750;22.750;0.0150
-21.500;22.750;0.0111
-21.250;22.750;0.0108
-21.000;22.750;0.0102
-35.000;23.000;0.0207
-34.750;23.000;0.0285
-34.500;23.000;0.0293
-34.250;23.000;0.0284
-34.000;23.000;0.0282
-33.750;23.000;0.0301
-33.500;23.000;0.0310
-33.250;23.000;0.0337
-33.000;23.000;0.0354
-32.750;23.000;0.0363
-32.500;23.000;0.0353
-32.250;23.000;0.0344
-32.000;23.000;0.0343
-31.750;23.000;0.0341
-31.500;23.000;0.0335
-31.250;23.000;0.0344
-31.000;23.000;0.0360
-30.750;23.000;0.0388
-30.500;23.000;0.0397
-30.250;23.000;0.0379
-30.000;23.000;0.0374
-29.750;23.000;0.0376
-29.500;23.000;0.0370
-29.250;23.000;0.0352
-29.000;23.000;0.0349
-28.750;23.000;0.0348
-28.500;23.000;0.0345
-28.250;23.000;0.0358
-28.000;23.000;0.0372
-27.750;23.000;0.0379
-27.500;23.000;0.0385
-27.250;23.000;0.0401
-27.000;23.000;0.0398
-26.750;23.000;0.0433
-26.500;23.000;0.0479
-26.250;23.000;0.0655
-26.000;23.000;0.0738
-25.750;23.000;0.0774
-25.500;23.000;0.0760
-25.250;23.000;0.0741
-25.000;23.000;0.0725
-24.750;23.000;0.0684
-24.500;23.000;0.0640
-24.250;23.000;0.0508
-24.000;23.000;0.0383
-23.750;23.000;0.0264
-23.500;23.000;0.0210
-23.250;23.000;0.0184
-23.000;23.000;0.0184
-22.750;23.000;0.0186
-22.500;23.000;0.0188
-22.250;23.000;0.0190
-22.000;23.000;0.0192
-21.750;23.000;0.0183
-21.500;23.000;0.0159
-21.250;23.000;0.0117
-21.000;23.000;0.0146
-35.000;23.250;0.0217
-34.750;23.250;0.0270
-34.500;23.250;0.0260
-34.250;23.250;0.0259
-34.000;23.250;0.0271
-33.750;23.250;0.0287
-33.500;23.250;0.0304
-33.250;23.250;0.0322
-33.000;23.250;0.0348
-32.750;23.250;0.0352
-32.500;23.250;0.0343
-32.250;23.250;0.0338
-32.000;23.250;0.0333
-31.750;23.250;0.0330
-31.500;23.250;0.0340
-31.250;23.250;0.0354
-31.000;23.250;0.0382
-30.750;23.250;0.0398
-30.500;23.250;0.0406
-30.250;23.250;0.0400
-30.000;23.250;0.0393
-29.750;23.250;0.0393
-29.500;23.250;0.0381
-29.250;23.250;0.0371
-29.000;23.250;0.0361
-28.750;23.250;0.0355
-28.500;23.250;0.0355
-28.250;23.250;0.0361
-28.000;23.250;0.0381
-27.750;23.250;0.0378
-27.500;23.250;0.0384
-27.250;23.250;0.0386
-27.000;23.250;0.0393
-26.750;23.250;0.0424
-26.500;23.250;0.0548
-26.250;23.250;0.0608
-26.000;23.250;0.0744
-25.750;23.250;0.0776
-25.500;23.250;0.0731
-25.250;23.250;0.0702
-25.000;23.250;0.0673
-24.750;23.250;0.0646
-24.500;23.250;0.0624
-24.250;23.250;0.0566
-24.000;23.250;0.0361
-23.750;23.250;0.0275
-23.500;23.250;0.0203
-23.250;23.250;0.0184
-23.000;23.250;0.0184
-22.750;23.250;0.0184
-22.500;23.250;0.0183
-22.250;23.250;0.0182
-22.000;23.250;0.0178
-21.750;23.250;0.0166
-21.500;23.250;0.0187
-21.250;23.250;0.0214
-21.000;23.250;0.0187
-35.000;23.500;0.0179
-34.750;23.500;0.0208
-34.500;23.500;0.0222
-34.250;23.500;0.0250
-34.000;23.500;0.0266
-33.750;23.500;0.0284
-33.500;23.500;0.0288
-33.250;23.500;0.0302
-33.000;23.500;0.0317
-32.750;23.500;0.0335
-32.500;23.500;0.0328
-32.250;23.500;0.0321
-32.000;23.500;0.0316
-31.750;23.500;0.0334
-31.500;23.500;0.0355
-31.250;23.500;0.0389
-31.000;23.500;0.0403
-30.750;23.500;0.0429
-30.500;23.500;0.0450
-30.250;23.500;0.0487
-30.000;23.500;0.0520
-29.750;23.500;0.0575
-29.500;23.500;0.0533
-29.250;23.500;0.0474
-29.000;23.500;0.0447
-28.750;23.500;0.0407
-28.500;23.500;0.0387
-28.250;23.500;0.0369
-28.000;23.500;0.0368
-27.750;23.500;0.0366
-27.500;23.500;0.0370
-27.250;23.500;0.0378
-27.000;23.500;0.0384
-26.750;23.500;0.0442
-26.500;23.500;0.0549
-26.250;23.500;0.0604
-26.000;23.500;0.0596
-25.750;23.500;0.0659
-25.500;23.500;0.0678
-25.250;23.500;0.0664
-25.000;23.500;0.0634
-24.750;23.500;0.0594
-24.500;23.500;0.0578
-24.250;23.500;0.0565
-24.000;23.500;0.0455
-23.750;23.500;0.0282
-23.500;23.500;0.0226
-23.250;23.500;0.0199
-23.000;23.500;0.0187
-22.750;23.500;0.0186
-22.500;23.500;0.0185
-22.250;23.500;0.0195
-22.000;23.500;0.0306
-21.750;23.500;0.0977
-21.500;23.500;0.0452
-21.250;23.500;0.0265
-21.000;23.500;0.0167
-35.000;23.750;0.0181
-34.750;23.750;0.0198
-34.500;23.750;0.0233
-34.250;23.750;0.0266
-34.000;23.750;0.0289
-33.750;23.750;0.0294
-33.500;23.750;0.0291
-33.250;23.750;0.0295
-33.000;23.750;0.0310
-32.750;23.750;0.0314
-32.500;23.750;0.0306
-32.250;23.750;0.0307
-32.000;23.750;0.0319
-31.750;23.750;0.0346
-31.500;23.750;0.0388
-31.250;23.750;0.0404
-31.000;23.750;0.0428
-30.750;23.750;0.0455
-30.500;23.750;0.0531
-30.250;23.750;0.0636
-30.000;23.750;0.0742
-29.750;23.750;0.0730
-29.500;23.750;0.0662
-29.250;23.750;0.0588
-29.000;23.750;0.0526
-28.750;23.750;0.0485
-28.500;23.750;0.0418
-28.250;23.750;0.0393
-28.000;23.750;0.0371
-27.750;23.750;0.0368
-27.500;23.750;0.0377
-27.250;23.750;0.0380
-27.000;23.750;0.0393
-26.750;23.750;0.0450
-26.500;23.750;0.0584
-26.250;23.750;0.0600
-26.000;23.750;0.0572
-25.750;23.750;0.0595
-25.500;23.750;0.0673
-25.250;23.750;0.0674
-25.000;23.750;0.0626
-24.750;23.750;0.0595
-24.500;23.750;0.0563
-24.250;23.750;0.0531
-24.000;23.750;0.0370
-23.750;23.750;0.0278
-23.500;23.750;0.0206
-23.250;23.750;0.0191
-23.000;23.750;0.0190
-22.750;23.750;0.0190
-22.500;23.750;0.0185
-22.250;23.750;0.0205
-22.000;23.750;0.0301
-21.750;23.750;0.1576
-21.500;23.750;0.0378
-21.250;23.750;0.0261
-21.000;23.750;0.0250
-35.000;24.000;0.0163
-34.750;24.000;0.0200
-34.500;24.000;0.0240
-34.250;24.000;0.0278
-34.000;24.000;0.0287
-33.750;24.000;0.0292
-33.500;24.000;0.0292
-33.250;24.000;0.0285
-33.000;24.000;0.0301
-32.750;24.000;0.0324
-32.500;24.000;0.0303
-32.250;24.000;0.0304
-32.000;24.000;0.0314
-31.750;24.000;0.0364
-31.500;24.000;0.0394
-31.250;24.000;0.0419
-31.000;24.000;0.0436
-30.750;24.000;0.0506
-30.500;24.000;0.0691
-30.250;24.000;0.0850
-30.000;24.000;0.0849
-29.750;24.000;0.0835
-29.500;24.000;0.0819
-29.250;24.000;0.0749
-29.000;24.000;0.0696
-28.750;24.000;0.0623
-28.500;24.000;0.0563
-28.250;24.000;0.0453
-28.000;24.000;0.0409
-27.750;24.000;0.0380
-27.500;24.000;0.0379
-27.250;24.000;0.0381
-27.000;24.000;0.0383
-26.750;24.000;0.0429
-26.500;24.000;0.0532
-26.250;24.000;0.0582
-26.000;24.000;0.0565
-25.750;24.000;0.0574
-25.500;24.000;0.0604
-25.250;24.000;0.0681
-25.000;24.000;0.0660
-24.750;24.000;0.0607
-24.500;24.000;0.0580
-24.250;24.000;0.0500
-24.000;24.000;0.0397
-23.750;24.000;0.0267
-23.500;24.000;0.0223
-23.250;24.000;0.0197
-23.000;24.000;0.0193
-22.750;24.000;0.0187
-22.500;24.000;0.0194
-22.250;24.000;0.0235
-22.000;24.000;0.0307
-21.750;24.000;0.1589
-21.500;24.000;0.0386
-21.250;24.000;0.0248
-21.000;24.000;0.0193
-35.000;24.250;0.0182
-34.750;24.250;0.0209
-34.500;24.250;0.0268
-34.250;24.250;0.0278
-34.000;24.250;0.0286
-33.750;24.250;0.0289
-33.500;24.250;0.0285
-33.250;24.250;0.0278
-33.000;24.250;0.0301
-32.750;24.250;0.0334
-32.500;24.250;0.0306
-32.250;24.250;0.0308
-32.000;24.250;0.0344
-31.750;24.250;0.0377
-31.500;24.250;0.0416
-31.250;24.250;0.0434
-31.000;24.250;0.0484
-30.750;24.250;0.0603
-30.500;24.250;0.0852
-30.250;24.250;0.0850
-30.000;24.250;0.0858
-29.750;24.250;0.0845
-29.500;24.250;0.0812
-29.250;24.250;0.0786
-29.000;24.250;0.0729
-28.750;24.250;0.0682
-28.500;24.250;0.0595
-28.250;24.250;0.0500
-28.000;24.250;0.0414
-27.750;24.250;0.0392
-27.500;24.250;0.0385
-27.250;24.250;0.0383
-27.000;24.250;0.0382
-26.750;24.250;0.0407
-26.500;24.250;0.0537
-26.250;24.250;0.0556
-26.000;24.250;0.0562
-25.750;24.250;0.0574
-25.500;24.250;0.0595
-25.250;24.250;0.0615
-25.000;24.250;0.0588
-24.750;24.250;0.0575
-24.500;24.250;0.0546
-24.250;24.250;0.0480
-24.000;24.250;0.0307
-23.750;24.250;0.0261
-23.500;24.250;0.0210
-23.250;24.250;0.0200
-23.000;24.250;0.0178
-22.750;24.250;0.0176
-22.500;24.250;0.0176
-22.250;24.250;0.0186
-22.000;24.250;0.0203
-21.750;24.250;0.0279
-21.500;24.250;0.0644
-21.250;24.250;0.0420
-21.000;24.250;0.0293
-35.000;24.500;0.0176
-34.750;24.500;0.0245
-34.500;24.500;0.0267
-34.250;24.500;0.0277
-34.000;24.500;0.0281
-33.750;24.500;0.0284
-33.500;24.500;0.0282
-33.250;24.500;0.0281
-33.000;24.500;0.0287
-32.750;24.500;0.0306
-32.500;24.500;0.0333
-32.250;24.500;0.0332
-32.000;24.500;0.0351
-31.750;24.500;0.0391
-31.500;24.500;0.0415
-31.250;24.500;0.0455
-31.000;24.500;0.0518
-30.750;24.500;0.0744
-30.500;24.500;0.0846
-30.250;24.500;0.0860
-30.000;24.500;0.0862
-29.750;24.500;0.0828
-29.500;24.500;0.0812
-29.250;24.500;0.0798
-29.000;24.500;0.0749
-28.750;24.500;0.0723
-28.500;24.500;0.0682
-28.250;24.500;0.0580
-28.000;24.500;0.0475
-27.750;24.500;0.0404
-27.500;24.500;0.0392
-27.250;24.500;0.0389
-27.000;24.500;0.0393
-26.750;24.500;0.0421
-26.500;24.500;0.0477
-26.250;24.500;0.0523
-26.000;24.500;0.0544
-25.750;24.500;0.0527
-25.500;24.500;0.0521
-25.250;24.500;0.0514
-25.000;24.500;0.0510
-24.750;24.500;0.0513
-24.500;24.500;0.0500
-24.250;24.500;0.0420
-24.000;24.500;0.0334
-23.750;24.500;0.0283
-23.500;24.500;0.0267
-23.250;24.500;0.0234
-23.000;24.500;0.0206
-22.750;24.500;0.0186
-22.500;24.500;0.0181
-22.250;24.500;0.0186
-22.000;24.500;0.0195
-21.750;24.500;0.0224
-21.500;24.500;0.0294
-21.250;24.500;0.1482
-21.000;24.500;0.0360
-35.000;24.750;0.0204
-34.750;24.750;0.0255
-34.500;24.750;0.0273
-34.250;24.750;0.0277
-34.000;24.750;0.0282
-33.750;24.750;0.0280
-33.500;24.750;0.0284
-33.250;24.750;0.0289
-33.000;24.750;0.0296
-32.750;24.750;0.0303
-32.500;24.750;0.0339
-32.250;24.750;0.0338
-32.000;24.750;0.0363
-31.750;24.750;0.0395
-31.500;24.750;0.0430
-31.250;24.750;0.0460
-31.000;24.750;0.0620
-30.750;24.750;0.0783
-30.500;24.750;0.0831
-30.250;24.750;0.0857
-30.000;24.750;0.0833
-29.750;24.750;0.0822
-29.500;24.750;0.0808
-29.250;24.750;0.0792
-29.000;24.750;0.0735
-28.750;24.750;0.0722
-28.500;24.750;0.0665
-28.250;24.750;0.0597
-28.000;24.750;0.0442
-27.750;24.750;0.0404
-27.500;24.750;0.0389
-27.250;24.750;0.0388
-27.000;24.750;0.0397
-26.750;24.750;0.0416
-26.500;24.750;0.0478
-26.250;24.750;0.0507
-26.000;24.750;0.0501
-25.750;24.750;0.0497
-25.500;24.750;0.0493
-25.250;24.750;0.0482
-25.000;24.750;0.0478
-24.750;24.750;0.0480
-24.500;24.750;0.0436
-24.250;24.750;0.0380
-24.000;24.750;0.0320
-23.750;24.750;0.0310
-23.500;24.750;0.0294
-23.250;24.750;0.0278
-23.000;24.750;0.0239
-22.750;24.750;0.0205
-22.500;24.750;0.0178
-22.250;24.750;0.0178
-22.000;24.750;0.0178
-21.750;24.750;0.0179
-21.500;24.750;0.0192
-21.250;24.750;0.0237
-21.000;24.750;0.0290
-35.000;25.000;0.0196
-34.750;25.000;0.0269
-34.500;25.000;0.0273
-34.250;25.000;0.0279
-34.000;25.000;0.0281
-33.750;25.000;0.0285
-33.500;25.000;0.0293
-33.250;25.000;0.0306
-33.000;25.000;0.0309
-32.750;25.000;0.0320
-32.500;25.000;0.0332
-32.250;25.000;0.0346
-32.000;25.000;0.0362
-31.750;25.000;0.0399
-31.500;25.000;0.0421
-31.250;25.000;0.0465
-31.000;25.000;0.0565
-30.750;25.000;0.0792
-30.500;25.000;0.0811
-30.250;25.000;0.0841
-30.000;25.000;0.0837
-29.750;25.000;0.0836
-29.500;25.000;0.0835
-29.250;25.000;0.0791
-29.000;25.000;0.0741
-28.750;25.000;0.0717
-28.500;25.000;0.0706
-28.250;25.000;0.0609
-28.000;25.000;0.0529
-27.750;25.000;0.0472
-27.500;25.000;0.0476
-27.250;25.000;0.0485
-27.000;25.000;0.0490
-26.750;25.000;0.0504
-26.500;25.000;0.0526
-26.250;25.000;0.0541
-26.000;25.000;0.0536
-25.750;25.000;0.0525
-25.500;25.000;0.0506
-25.250;25.000;0.0475
-25.000;25.000;0.0457
-24.750;25.000;0.0418
-24.500;25.000;0.0398
-24.250;25.000;0.0373
-24.000;25.000;0.0362
-23.750;25.000;0.0352
-23.500;25.000;0.0328
-23.250;25.000;0.0300
-23.000;25.000;0.0286
-22.750;25.000;0.0255
-22.500;25.000;0.0224
-22.250;25.000;0.0191
-22.000;25.000;0.0176
-21.750;25.000;0.0174
-21.500;25.000;0.0183
-21.250;25.000;0.0204
-21.000;25.000;0.0274
-35.000;25.250;0.0249
-34.750;25.250;0.0279
-34.500;25.250;0.0280
-34.250;25.250;0.0283
-34.000;25.250;0.0284
-33.750;25.250;0.0288
-33.500;25.250;0.0301
-33.250;25.250;0.0310
-33.000;25.250;0.0333
-32.750;25.250;0.0345
-32.500;25.250;0.0344
-32.250;25.250;0.0343
-32.000;25.250;0.0380
-31.750;25.250;0.0399
-31.500;25.250;0.0428
-31.250;25.250;0.0466
-31.000;25.250;0.0618
-30.750;25.250;0.0799
-30.500;25.250;0.0819
-30.250;25.250;0.0840
-30.000;25.250;0.0834
-29.750;25.250;0.0826
-29.500;25.250;0.0810
-29.250;25.250;0.0771
-29.000;25.250;0.0725
-28.750;25.250;0.0725
-28.500;25.250;0.0695
-28.250;25.250;0.0634
-28.000;25.250;0.0517
-27.750;25.250;0.0499
-27.500;25.250;0.0527
-27.250;25.250;0.0539
-27.000;25.250;0.0521
-26.750;25.250;0.0506
-26.500;25.250;0.0492
-26.250;25.250;0.0489
-26.000;25.250;0.0478
-25.750;25.250;0.0473
-25.500;25.250;0.0457
-25.250;25.250;0.0449
-25.000;25.250;0.0418
-24.750;25.250;0.0394
-24.500;25.250;0.0382
-24.250;25.250;0.0380
-24.000;25.250;0.0374
-23.750;25.250;0.0358
-23.500;25.250;0.0327
-23.250;25.250;0.0307
-23.000;25.250;0.0286
-22.750;25.250;0.0265
-22.500;25.250;0.0223
-22.250;25.250;0.0203
-22.000;25.250;0.0161
-21.750;25.250;0.0160
-21.500;25.250;0.0161
-21.250;25.250;0.0166
-21.000;25.250;0.0173
-35.000;25.500;0.0201
-34.750;25.500;0.0296
-34.500;25.500;0.0296
-34.250;25.500;0.0296
-34.000;25.500;0.0287
-33.750;25.500;0.0288
-33.500;25.500;0.0296
-33.250;25.500;0.0325
-33.000;25.500;0.0343
-32.750;25.500;0.0354
-32.500;25.500;0.0357
-32.250;25.500;0.0346
-32.000;25.500;0.0354
-31.750;25.500;0.0392
-31.500;25.500;0.0421
-31.250;25.500;0.0470
-31.000;25.500;0.0553
-30.750;25.500;0.0721
-30.500;25.500;0.0807
-30.250;25.500;0.0831
-30.000;25.500;0.0842
-29.750;25.500;0.0835
-29.500;25.500;0.0805
-29.250;25.500;0.0732
-29.000;25.500;0.0725
-28.750;25.500;0.0746
-28.500;25.500;0.0736
-28.250;25.500;0.0663
-28.000;25.500;0.0591
-27.750;25.500;0.0588
-27.500;25.500;0.0639
-27.250;25.500;0.0693
-27.000;25.500;0.0705
-26.750;25.500;0.0665
-26.500;25.500;0.0640
-26.250;25.500;0.0612
-26.000;25.500;0.0604
-25.750;25.500;0.0577
-25.500;25.500;0.0535
-25.250;25.500;0.0492
-25.000;25.500;0.0455
-24.750;25.500;0.0402
-24.500;25.500;0.0401
-24.250;25.500;0.0404
-24.000;25.500;0.0392
-23.750;25.500;0.0365
-23.500;25.500;0.0351
-23.250;25.500;0.0324
-23.000;25.500;0.0307
-22.750;25.500;0.0286
-22.500;25.500;0.0264
-22.250;25.500;0.0212
-22.000;25.500;0.0200
-21.750;25.500;0.0172
-21.500;25.500;0.0173
-21.250;25.500;0.0174
-21.000;25.500;0.0187
-35.000;25.750;0.0228
-34.750;25.750;0.0306
-34.500;25.750;0.0310
-34.250;25.750;0.0301
-34.000;25.750;0.0288
-33.750;25.750;0.0289
-33.500;25.750;0.0303
-33.250;25.750;0.0326
-33.000;25.750;0.0348
-32.750;25.750;0.0353
-32.500;25.750;0.0358
-32.250;25.750;0.0358
-32.000;25.750;0.0356
-31.750;25.750;0.0378
-31.500;25.750;0.0421
-31.250;25.750;0.0463
-31.000;25.750;0.0569
-30.750;25.750;0.0673
-30.500;25.750;0.0852
-30.250;25.750;0.0873
-30.000;25.750;0.0867
-29.750;25.750;0.0831
-29.500;25.750;0.0743
-29.250;25.750;0.0706
-29.000;25.750;0.0742
-28.750;25.750;0.0760
-28.500;25.750;0.0715
-28.250;25.750;0.0665
-28.000;25.750;0.0608
-27.750;25.750;0.0659
-27.500;25.750;0.0766
-27.250;25.750;0.0800
-27.000;25.750;0.0788
-26.750;25.750;0.0773
-26.500;25.750;0.0726
-26.250;25.750;0.0715
-26.000;25.750;0.0619
-25.750;25.750;0.0566
-25.500;25.750;0.0486
-25.250;25.750;0.0451
-25.000;25.750;0.0406
-24.750;25.750;0.0397
-24.500;25.750;0.0416
-24.250;25.750;0.0409
-24.000;25.750;0.0387
-23.750;25.750;0.0371
-23.500;25.750;0.0350
-23.250;25.750;0.0331
-23.000;25.750;0.0308
-22.750;25.750;0.0295
-22.500;25.750;0.0264
-22.250;25.750;0.0221
-22.000;25.750;0.0195
-21.750;25.750;0.0160
-21.500;25.750;0.0159
-21.250;25.750;0.0137
-21.000;25.750;0.0151
-35.000;26.000;0.0200
-34.750;26.000;0.0278
-34.500;26.000;0.0321
-34.250;26.000;0.0311
-34.000;26.000;0.0302
-33.750;26.000;0.0299
-33.500;26.000;0.0302
-33.250;26.000;0.0310
-33.000;26.000;0.0328
-32.750;26.000;0.0346
-32.500;26.000;0.0353
-32.250;26.000;0.0369
-32.000;26.000;0.0366
-31.750;26.000;0.0359
-31.500;26.000;0.0379
-31.250;26.000;0.0459
-31.000;26.000;0.0532
-30.750;26.000;0.0650
-30.500;26.000;0.0755
-30.250;26.000;0.0880
-30.000;26.000;0.0884
-29.750;26.000;0.0840
-29.500;26.000;0.0779
-29.250;26.000;0.0715
-29.000;26.000;0.0748
-28.750;26.000;0.0769
-28.500;26.000;0.0729
-28.250;26.000;0.0665
-28.000;26.000;0.0902
-27.750;26.000;0.4251
-27.500;26.000;0.2121
-27.250;26.000;0.0935
-27.000;26.000;0.1110
-26.750;26.000;0.3484
-26.500;26.000;1.2740
-26.250;26.000;0.1339
-26.000;26.000;0.0886
-25.750;26.000;0.0785
-25.500;26.000;0.0718
-25.250;26.000;0.0603
-25.000;26.000;0.0520
-24.750;26.000;0.0471
-24.500;26.000;0.0453
-24.250;26.000;0.0432
-24.000;26.000;0.0410
-23.750;26.000;0.0387
-23.500;26.000;0.0375
-23.250;26.000;0.0349
-23.000;26.000;0.0330
-22.750;26.000;0.0303
-22.500;26.000;0.0290
-22.250;26.000;0.0239
-22.000;26.000;0.0206
-21.750;26.000;0.0173
-21.500;26.000;0.0139
-21.250;26.000;0.0142
-21.000;26.000;0.0148
-35.000;26.250;0.0202
-34.750;26.250;0.0218
-34.500;26.250;0.0320
-34.250;26.250;0.0327
-34.000;26.250;0.0320
-33.750;26.250;0.0316
-33.500;26.250;0.0305
-33.250;26.250;0.0306
-33.000;26.250;0.0318
-32.750;26.250;0.0330
-32.500;26.250;0.0354
-32.250;26.250;0.0367
-32.000;26.250;0.0358
-31.750;26.250;0.0351
-31.500;26.250;0.0412
-31.250;26.250;0.0501
-31.000;26.250;0.0573
-30.750;26.250;0.0595
-30.500;26.250;0.0695
-30.250;26.250;0.0794
-30.000;26.250;0.0810
-29.750;26.250;0.0816
-29.500;26.250;0.0782
-29.250;26.250;0.0757
-29.000;26.250;0.0755
-28.750;26.250;0.0744
-28.500;26.250;0.0685
-28.250;26.250;0.0738
-28.000;26.250;0.0774
-27.750;26.250;0.0794
-27.500;26.250;0.0900
-27.250;26.250;0.1087
-27.000;26.250;0.1166
-26.750;26.250;0.1086
-26.500;26.250;0.0965
-26.250;26.250;0.0905
-26.000;26.250;0.0877
-25.750;26.250;0.0798
-25.500;26.250;0.0708
-25.250;26.250;0.0619
-25.000;26.250;0.0483
-24.750;26.250;0.0449
-24.500;26.250;0.0441
-24.250;26.250;0.0435
-24.000;26.250;0.0409
-23.750;26.250;0.0394
-23.500;26.250;0.0376
-23.250;26.250;0.0356
-23.000;26.250;0.0324
-22.750;26.250;0.0305
-22.500;26.250;0.0280
-22.250;26.250;0.0244
-22.000;26.250;0.0198
-21.750;26.250;0.0173
-21.500;26.250;0.0125
-21.250;26.250;0.0117
-21.000;26.250;0.0122
-35.000;26.500;0.0160
-34.750;26.500;0.0233
-34.500;26.500;0.0289
-34.250;26.500;0.0325
-34.000;26.500;0.0327
-33.750;26.500;0.0322
-33.500;26.500;0.0305
-33.250;26.500;0.0300
-33.000;26.500;0.0300
-32.750;26.500;0.0307
-32.500;26.500;0.0323
-32.250;26.500;0.0346
-32.000;26.500;0.0349
-31.750;26.500;0.0358
-31.500;26.500;0.0444
-31.250;26.500;0.0554
-31.000;26.500;0.0561
-30.750;26.500;0.0561
-30.500;26.500;0.0577
-30.250;26.500;0.0599
-30.000;26.500;0.0639
-29.750;26.500;0.0703
-29.500;26.500;0.0718
-29.250;26.500;0.0704
-29.000;26.500;0.0662
-28.750;26.500;0.0662
-28.500;26.500;0.0642
-28.250;26.500;0.0985
-28.000;26.500;0.4617
-27.750;26.500;0.4099
-27.500;26.500;0.1151
-27.250;26.500;0.1197
-27.000;26.500;0.3165
-26.750;26.500;1.9080
-26.500;26.500;0.2240
-26.250;26.500;0.1009
-26.000;26.500;0.1037
-25.750;26.500;0.0945
-25.500;26.500;0.0833
-25.250;26.500;0.0744
-25.000;26.500;0.0637
-24.750;26.500;0.0517
-24.500;26.500;0.0476
-24.250;26.500;0.0448
-24.000;26.500;0.0428
-23.750;26.500;0.0399
-23.500;26.500;0.0386
-23.250;26.500;0.0363
-23.000;26.500;0.0347
-22.750;26.500;0.0321
-22.500;26.500;0.0301
-22.250;26.500;0.0260
-22.000;26.500;0.0212
-21.750;26.500;0.0184
-21.500;26.500;0.0163
-21.250;26.500;0.0125
-21.000;26.500;0.0127
-35.000;26.750;0.0139
-34.750;26.750;0.0187
-34.500;26.750;0.0302
-34.250;26.750;0.0315
-34.000;26.750;0.0316
-33.750;26.750;0.0309
-33.500;26.750;0.0296
-33.250;26.750;0.0294
-33.000;26.750;0.0295
-32.750;26.750;0.0304
-32.500;26.750;0.0322
-32.250;26.750;0.0333
-32.000;26.750;0.0335
-31.750;26.750;0.0380
-31.500;26.750;0.0523
-31.250;26.750;0.0564
-31.000;26.750;0.0563
-30.750;26.750;0.0577
-30.500;26.750;0.0600
-30.250;26.750;0.0588
-30.000;26.750;0.0593
-29.750;26.750;0.0613
-29.500;26.750;0.0657
-29.250;26.750;0.0658
-29.000;26.750;0.0637
-28.750;26.750;0.0666
-28.500;26.750;0.1626
-28.250;26.750;3.7794
-28.000;26.750;0.8277
-27.750;26.750;0.1156
-27.500;26.750;0.1296
-27.250;26.750;0.8778
-27.000;26.750;4.6007
-26.750;26.750;0.3436
-26.500;26.750;0.1049
-26.250;26.750;0.0917
-26.000;26.750;0.0888
-25.750;26.750;0.0874
-25.500;26.750;0.0794
-25.250;26.750;0.0723
-25.000;26.750;0.0573
-24.750;26.750;0.0482
-24.500;26.750;0.0443
-24.250;26.750;0.0441
-24.000;26.750;0.0422
-23.750;26.750;0.0404
-23.500;26.750;0.0386
-23.250;26.750;0.0370
-23.000;26.750;0.0351
-22.750;26.750;0.0331
-22.500;26.750;0.0294
-22.250;26.750;0.0265
-22.000;26.750;0.0205
-21.750;26.750;0.0190
-21.500;26.750;0.0160
-21.250;26.750;0.0129
-21.000;26.750;0.0123
-35.000;27.000;0.0120
-34.750;27.000;0.0172
-34.500;27.000;0.0224
-34.250;27.000;0.0307
-34.000;27.000;0.0310
-33.750;27.000;0.0294
-33.500;27.000;0.0288
-33.250;27.000;0.0290
-33.000;27.000;0.0292
-32.750;27.000;0.0304
-32.500;27.000;0.0310
-32.250;27.000;0.0317
-32.000;27.000;0.0312
-31.750;27.000;0.0404
-31.500;27.000;0.0505
-31.250;27.000;0.0563
-31.000;27.000;0.0589
-30.750;27.000;0.0633
-30.500;27.000;0.0633
-30.250;27.000;0.0629
-30.000;27.000;0.0612
-29.750;27.000;0.0606
-29.500;27.000;0.0607
-29.250;27.000;0.0605
-29.000;27.000;0.0582
-28.750;27.000;0.0660
-28.500;27.000;0.0645
-28.250;27.000;0.0792
-28.000;27.000;0.1083
-27.750;27.000;0.0950
-27.500;27.000;0.1036
-27.250;27.000;0.1151
-27.000;27.000;0.1397
-26.750;27.000;0.1379
-26.500;27.000;0.1204
-26.250;27.000;0.3934
-26.000;27.000;2.0382
-25.750;27.000;0.1492
-25.500;27.000;0.0887
-25.250;27.000;0.0760
-25.000;27.000;0.0689
-24.750;27.000;0.0568
-24.500;27.000;0.0494
-24.250;27.000;0.0440
-24.000;27.000;0.0429
-23.750;27.000;0.0427
-23.500;27.000;0.0415
-23.250;27.000;0.0388
-23.000;27.000;0.0360
-22.750;27.000;0.0309
-22.500;27.000;0.0295
-22.250;27.000;0.0245
-22.000;27.000;0.0209
-21.750;27.000;0.0198
-21.500;27.000;0.0190
-21.250;27.000;0.0165
-21.000;27.000;0.0152
-35.000;27.250;0.0129
-34.750;27.250;0.0159
-34.500;27.250;0.0236
-34.250;27.250;0.0297
-34.000;27.250;0.0297
-33.750;27.250;0.0283
-33.500;27.250;0.0285
-33.250;27.250;0.0289
-33.000;27.250;0.0294
-32.750;27.250;0.0303
-32.500;27.250;0.0308
-32.250;27.250;0.0305
-32.000;27.250;0.0310
-31.750;27.250;0.0409
-31.500;27.250;0.0522
-31.250;27.250;0.0571
-31.000;27.250;0.0630
-30.750;27.250;0.0640
-30.500;27.250;0.0638
-30.250;27.250;0.0638
-30.000;27.250;0.0612
-29.750;27.250;0.0606
-29.500;27.250;0.0604
-29.250;27.250;0.0599
-29.000;27.250;0.0591
-28.750;27.250;0.0655
-28.500;27.250;0.0684
-28.250;27.250;0.0822
-28.000;27.250;0.0852
-27.750;27.250;0.0877
-27.500;27.250;0.1090
-27.250;27.250;0.1200
-27.000;27.250;0.1270
-26.750;27.250;0.1434
-26.500;27.250;0.1905
-26.250;27.250;0.1505
-26.000;27.250;0.0962
-25.750;27.250;0.0920
-25.500;27.250;0.0794
-25.250;27.250;0.0712
-25.000;27.250;0.0602
-24.750;27.250;0.0535
-24.500;27.250;0.0436
-24.250;27.250;0.0404
-24.000;27.250;0.0402
-23.750;27.250;0.0417
-23.500;27.250;0.0411
-23.250;27.250;0.0390
-23.000;27.250;0.0329
-22.750;27.250;0.0301
-22.500;27.250;0.0267
-22.250;27.250;0.0227
-22.000;27.250;0.0204
-21.750;27.250;0.0199
-21.500;27.250;0.0189
-21.250;27.250;0.0179
-21.000;27.250;0.0151
-35.000;27.500;0.0110
-34.750;27.500;0.0139
-34.500;27.500;0.0169
-34.250;27.500;0.0244
-34.000;27.500;0.0287
-33.750;27.500;0.0280
-33.500;27.500;0.0272
-33.250;27.500;0.0281
-33.000;27.500;0.0287
-32.750;27.500;0.0295
-32.500;27.500;0.0295
-32.250;27.500;0.0274
-32.000;27.500;0.0278
-31.750;27.500;0.0393
-31.500;27.500;0.0494
-31.250;27.500;0.0589
-31.000;27.500;0.0622
-30.750;27.500;0.0629
-30.500;27.500;0.0632
-30.250;27.500;0.0634
-30.000;27.500;0.0615
-29.750;27.500;0.0611
-29.500;27.500;0.0610
-29.250;27.500;0.0586
-29.000;27.500;0.0545
-28.750;27.500;0.0615
-28.500;27.500;0.0647
-28.250;27.500;0.0687
-28.000;27.500;0.0758
-27.750;27.500;0.0819
-27.500;27.500;0.0990
-27.250;27.500;0.1117
-27.000;27.500;0.1122
-26.750;27.500;0.1015
-26.500;27.500;0.2295
-26.250;27.500;1.3793
-26.000;27.500;0.1948
-25.750;27.500;0.1574
-25.500;27.500;0.0834
-25.250;27.500;0.0717
-25.000;27.500;0.0673
-24.750;27.500;0.0590
-24.500;27.500;0.0494
-24.250;27.500;0.0403
-24.000;27.500;0.0380
-23.750;27.500;0.0376
-23.500;27.500;0.0378
-23.250;27.500;0.0360
-23.000;27.500;0.0319
-22.750;27.500;0.0291
-22.500;27.500;0.0276
-22.250;27.500;0.0239
-22.000;27.500;0.0213
-21.750;27.500;0.0205
-21.500;27.500;0.0202
-21.250;27.500;0.0204
-21.000;27.500;0.0171
-35.000;27.750;0.0110
-34.750;27.750;0.0126
-34.500;27.750;0.0166
-34.250;27.750;0.0199
-34.000;27.750;0.0264
-33.750;27.750;0.0267
-33.500;27.750;0.0254
-33.250;27.750;0.0260
-33.000;27.750;0.0273
-32.750;27.750;0.0276
-32.500;27.750;0.0260
-32.250;27.750;0.0252
-32.000;27.750;0.0285
-31.750;27.750;0.0367
-31.500;27.750;0.0531
-31.250;27.750;0.0585
-31.000;27.750;0.0614
-30.750;27.750;0.0618
-30.500;27.750;0.0634
-30.250;27.750;0.0631
-30.000;27.750;0.0629
-29.750;27.750;0.0630
-29.500;27.750;0.0626
-29.250;27.750;0.0596
-29.000;27.750;0.0556
-28.750;27.750;0.0586
-28.500;27.750;0.0622
-28.250;27.750;0.0655
-28.000;27.750;0.0765
-27.750;27.750;0.0803
-27.500;27.750;0.1004
-27.250;27.750;0.1079
-27.000;27.750;0.1043
-26.750;27.750;0.1922
-26.500;27.750;0.3589
-26.250;27.750;0.2413
-26.000;27.750;0.0894
-25.750;27.750;0.0845
-25.500;27.750;0.0755
-25.250;27.750;0.0700
-25.000;27.750;0.0616
-24.750;27.750;0.0585
-24.500;27.750;0.0475
-24.250;27.750;0.0401
-24.000;27.750;0.0369
-23.750;27.750;0.0364
-23.500;27.750;0.0363
-23.250;27.750;0.0349
-23.000;27.750;0.0308
-22.750;27.750;0.0297
-22.500;27.750;0.0276
-22.250;27.750;0.0253
-22.000;27.750;0.0214
-21.750;27.750;0.0206
-21.500;27.750;0.0205
-21.250;27.750;0.0216
-21.000;27.750;0.0181
-35.000;28.000;0.0109
-34.750;28.000;0.0110
-34.500;28.000;0.0131
-34.250;28.000;0.0167
-34.000;28.000;0.0188
-33.750;28.000;0.0205
-33.500;28.000;0.0207
-33.250;28.000;0.0213
-33.000;28.000;0.0217
-32.750;28.000;0.0220
-32.500;28.000;0.0220
-32.250;28.000;0.0235
-32.000;28.000;0.0260
-31.750;28.000;0.0339
-31.500;28.000;0.0451
-31.250;28.000;0.0595
-31.000;28.000;0.0605
-30.750;28.000;0.0607
-30.500;28.000;0.0620
-30.250;28.000;0.0640
-30.000;28.000;0.0663
-29.750;28.000;0.0673
-29.500;28.000;0.0660
-29.250;28.000;0.0571
-29.000;28.000;0.0514
-28.750;28.000;0.0495
-28.500;28.000;0.0508
-28.250;28.000;0.0548
-28.000;28.000;0.0606
-27.750;28.000;0.0700
-27.500;28.000;0.0738
-27.250;28.000;0.0872
-27.000;28.000;0.0892
-26.750;28.000;0.0751
-26.500;28.000;0.0774
-26.250;28.000;0.2508
-26.000;28.000;0.5570
-25.750;28.000;0.0849
-25.500;28.000;0.0736
-25.250;28.000;0.0680
-25.000;28.000;0.0616
-24.750;28.000;0.0579
-24.500;28.000;0.0526
-24.250;28.000;0.0425
-24.000;28.000;0.0382
-23.750;28.000;0.0355
-23.500;28.000;0.0360
-23.250;28.000;0.0352
-23.000;28.000;0.0335
-22.750;28.000;0.0302
-22.500;28.000;0.0293
-22.250;28.000;0.0269
-22.000;28.000;0.0247
-21.750;28.000;0.0215
-21.500;28.000;0.0208
-21.250;28.000;0.0212
-21.000;28.000;0.0201
-35.000;28.250;0.0109
-34.750;28.250;0.0110
-34.500;28.250;0.0132
-34.250;28.250;0.0154
-34.000;28.250;0.0179
-33.750;28.250;0.0188
-33.500;28.250;0.0194
-33.250;28.250;0.0198
-33.000;28.250;0.0202
-32.750;28.250;0.0205
-32.500;28.250;0.0210
-32.250;28.250;0.0227
-32.000;28.250;0.0272
-31.750;28.250;0.0306
-31.500;28.250;0.0434
-31.250;28.250;0.0507
-31.000;28.250;0.0579
-30.750;28.250;0.0592
-30.500;28.250;0.0617
-30.250;28.250;0.0650
-30.000;28.250;0.0670
-29.750;28.250;0.0671
-29.500;28.250;0.0606
-29.250;28.250;0.0529
-29.000;28.250;0.0483
-28.750;28.250;0.0471
-28.500;28.250;0.0488
-28.250;28.250;0.0511
-28.000;28.250;0.0538
-27.750;28.250;0.0582
-27.500;28.250;0.0659
-27.250;28.250;0.0744
-27.000;28.250;0.0800
-26.750;28.250;0.0878
-26.500;28.250;1.5236
-26.250;28.250;1.0577
-26.000;28.250;0.0807
-25.750;28.250;0.0651
-25.500;28.250;0.0665
-25.250;28.250;0.0611
-25.000;28.250;0.0551
-24.750;28.250;0.0547
-24.500;28.250;0.0485
-24.250;28.250;0.0414
-24.000;28.250;0.0363
-23.750;28.250;0.0347
-23.500;28.250;0.0352
-23.250;28.250;0.0345
-23.000;28.250;0.0327
-22.750;28.250;0.0306
-22.500;28.250;0.0295
-22.250;28.250;0.0278
-22.000;28.250;0.0252
-21.750;28.250;0.0233
-21.500;28.250;0.0210
-21.250;28.250;0.0207
-21.000;28.250;0.0175
-35.000;28.500;0.0108
-34.750;28.500;0.0109
-34.500;28.500;0.0110
-34.250;28.500;0.0141
-34.000;28.500;0.0159
-33.750;28.500;0.0174
-33.500;28.500;0.0180
-33.250;28.500;0.0187
-33.000;28.500;0.0193
-32.750;28.500;0.0201
-32.500;28.500;0.0206
-32.250;28.500;0.0228
-32.000;28.500;0.0267
-31.750;28.500;0.0320
-31.500;28.500;0.0386
-31.250;28.500;0.0485
-31.000;28.500;0.0523
-30.750;28.500;0.0557
-30.500;28.500;0.0593
-30.250;28.500;0.0645
-30.000;28.500;0.0640
-29.750;28.500;0.0598
-29.500;28.500;0.0549
-29.250;28.500;0.0485
-29.000;28.500;0.0459
-28.750;28.500;0.0425
-28.500;28.500;0.0432
-28.250;28.500;0.0457
-28.000;28.500;0.0459
-27.750;28.500;0.0458
-27.500;28.500;0.0493
-27.250;28.500;0.0579
-27.000;28.500;0.0639
-26.750;28.500;0.0636
-26.500;28.500;0.0650
-26.250;28.500;0.0804
-26.000;28.500;0.0691
-25.750;28.500;0.0578
-25.500;28.500;0.0548
-25.250;28.500;0.0516
-25.000;28.500;0.0517
-24.750;28.500;0.0502
-24.500;28.500;0.0475
-24.250;28.500;0.0401
-24.000;28.500;0.0377
-23.750;28.500;0.0344
-23.500;28.500;0.0339
-23.250;28.500;0.0340
-23.000;28.500;0.0338
-22.750;28.500;0.0314
-22.500;28.500;0.0307
-22.250;28.500;0.0288
-22.000;28.500;0.0283
-21.750;28.500;0.0275
-21.500;28.500;0.0265
-21.250;28.500;0.0233
-21.000;28.500;0.0198
-35.000;28.750;0.0107
-34.750;28.750;0.0108
-34.500;28.750;0.0110
-34.250;28.750;0.0131
-34.000;28.750;0.0158
-33.750;28.750;0.0167
-33.500;28.750;0.0177
-33.250;28.750;0.0183
-33.000;28.750;0.0192
-32.750;28.750;0.0198
-32.500;28.750;0.0207
-32.250;28.750;0.0228
-32.000;28.750;0.0277
-31.750;28.750;0.0304
-31.500;28.750;0.0395
-31.250;28.750;0.0437
-31.000;28.750;0.0463
-30.750;28.750;0.0492
-30.500;28.750;0.0581
-30.250;28.750;0.0592
-30.000;28.750;0.0564
-29.750;28.750;0.0527
-29.500;28.750;0.0484
-29.250;28.750;0.0463
-29.000;28.750;0.0423
-28.750;28.750;0.0405
-28.500;28.750;0.0416
-28.250;28.750;0.0420
-28.000;28.750;0.0423
-27.750;28.750;0.0448
-27.500;28.750;0.0494
-27.250;28.750;0.0547
-27.000;28.750;0.0545
-26.750;28.750;0.0560
-26.500;28.750;0.0599
-26.250;28.750;0.0609
-26.000;28.750;0.0576
-25.750;28.750;0.0555
-25.500;28.750;0.0506
-25.250;28.750;0.0488
-25.000;28.750;0.0491
-24.750;28.750;0.0481
-24.500;28.750;0.0406
-24.250;28.750;0.0380
-24.000;28.750;0.0363
-23.750;28.750;0.0350
-23.500;28.750;0.0344
-23.250;28.750;0.0346
-23.000;28.750;0.0332
-22.750;28.750;0.0318
-22.500;28.750;0.0307
-22.250;28.750;0.0302
-22.000;28.750;0.0301
-21.750;28.750;0.0295
-21.500;28.750;0.0287
-21.250;28.750;0.0257
-21.000;28.750;0.0183
-35.000;29.000;0.0106
-34.750;29.000;0.0108
-34.500;29.000;0.0109
-34.250;29.000;0.0112
-34.000;29.000;0.0137
-33.750;29.000;0.0158
-33.500;29.000;0.0167
-33.250;29.000;0.0178
-33.000;29.000;0.0186
-32.750;29.000;0.0197
-32.500;29.000;0.0205
-32.250;29.000;0.0236
-32.000;29.000;0.0263
-31.750;29.000;0.0312
-31.500;29.000;0.0391
-31.250;29.000;0.0496
-31.000;29.000;0.0536
-30.750;29.000;0.0546
-30.500;29.000;0.0539
-30.250;29.000;0.0527
-30.000;29.000;0.0492
-29.750;29.000;0.0467
-29.500;29.000;0.0452
-29.250;29.000;0.0423
-29.000;29.000;0.0399
-28.750;29.000;0.0390
-28.500;29.000;0.0393
-28.250;29.000;0.0401
-28.000;29.000;0.0409
-27.750;29.000;0.0454
-27.500;29.000;0.0482
-27.250;29.000;0.0486
-27.000;29.000;0.0469
-26.750;29.000;0.0476
-26.500;29.000;0.0485
-26.250;29.000;0.0496
-26.000;29.000;0.0508
-25.750;29.000;0.0541
-25.500;29.000;0.0524
-25.250;29.000;0.0494
-25.000;29.000;0.0458
-24.750;29.000;0.0409
-24.500;29.000;0.0386
-24.250;29.000;0.0368
-24.000;29.000;0.0363
-23.750;29.000;0.0373
-23.500;29.000;0.0372
-23.250;29.000;0.0364
-23.000;29.000;0.0358
-22.750;29.000;0.0335
-22.500;29.000;0.0326
-22.250;29.000;0.0335
-22.000;29.000;0.0334
-21.750;29.000;0.0310
-21.500;29.000;0.0298
-21.250;29.000;0.0272
-21.000;29.000;0.0210
-35.000;29.250;0.0105
-34.750;29.250;0.0107
-34.500;29.250;0.0108
-34.250;29.250;0.0110
-34.000;29.250;0.0134
-33.750;29.250;0.0149
-33.500;29.250;0.0165
-33.250;29.250;0.0175
-33.000;29.250;0.0187
-32.750;29.250;0.0196
-32.500;29.250;0.0209
-32.250;29.250;0.0238
-32.000;29.250;0.0287
-31.750;29.250;0.0319
-31.500;29.250;0.0385
-31.250;29.250;0.0425
-31.000;29.250;0.0461
-30.750;29.250;0.0461
-30.500;29.250;0.0462
-30.250;29.250;0.0477
-30.000;29.250;0.0466
-29.750;29.250;0.0449
-29.500;29.250;0.0418
-29.250;29.250;0.0397
-29.000;29.250;0.0379
-28.750;29.250;0.0381
-28.500;29.250;0.0385
-28.250;29.250;0.0400
-28.000;29.250;0.0435
-27.750;29.250;0.0475
-27.500;29.250;0.0498
-27.250;29.250;0.0477
-27.000;29.250;0.0471
-26.750;29.250;0.0483
-26.500;29.250;0.0492
-26.250;29.250;0.0495
-26.000;29.250;0.0512
-25.750;29.250;0.0551
-25.500;29.250;0.0527
-25.250;29.250;0.0493
-25.000;29.250;0.0403
-24.750;29.250;0.0380
-24.500;29.250;0.0373
-24.250;29.250;0.0367
-24.000;29.250;0.0360
-23.750;29.250;0.0368
-23.500;29.250;0.0374
-23.250;29.250;0.0366
-23.000;29.250;0.0352
-22.750;29.250;0.0338
-22.500;29.250;0.0343
-22.250;29.250;0.0349
-22.000;29.250;0.0333
-21.750;29.250;0.0310
-21.500;29.250;0.0291
-21.250;29.250;0.0272
-21.000;29.250;0.0194
-35.000;29.500;0.0104
-34.750;29.500;0.0106
-34.500;29.500;0.0107
-34.250;29.500;0.0109
-34.000;29.500;0.0110
-33.750;29.500;0.0132
-33.500;29.500;0.0148
-33.250;29.500;0.0169
-33.000;29.500;0.0181
-32.750;29.500;0.0194
-32.500;29.500;0.0204
-32.250;29.500;0.0259
-32.000;29.500;0.0297
-31.750;29.500;0.0322
-31.500;29.500;0.0360
-31.250;29.500;0.0406
-31.000;29.500;0.0428
-30.750;29.500;0.0442
-30.500;29.500;0.0430
-30.250;29.500;0.0422
-30.000;29.500;0.0426
-29.750;29.500;0.0428
-29.500;29.500;0.0422
-29.250;29.500;0.0385
-29.000;29.500;0.0362
-28.750;29.500;0.0368
-28.500;29.500;0.0375
-28.250;29.500;0.0401
-28.000;29.500;0.0444
-27.750;29.500;0.0540
-27.500;29.500;0.0569
-27.250;29.500;0.0511
-27.000;29.500;0.0511
-26.750;29.500;0.0525
-26.500;29.500;0.0530
-26.250;29.500;0.0514
-26.000;29.500;0.0516
-25.750;29.500;0.0540
-25.500;29.500;0.0550
-25.250;29.500;0.0482
-25.000;29.500;0.0411
-24.750;29.500;0.0386
-24.500;29.500;0.0386
-24.250;29.500;0.0369
-24.000;29.500;0.0354
-23.750;29.500;0.0346
-23.500;29.500;0.0345
-23.250;29.500;0.0339
-23.000;29.500;0.0341
-22.750;29.500;0.0342
-22.500;29.500;0.0343
-22.250;29.500;0.0337
-22.000;29.500;0.0331
-21.750;29.500;0.0314
-21.500;29.500;0.0304
-21.250;29.500;0.0279
-21.000;29.500;0.0223
-35.000;29.750;0.0102
-34.750;29.750;0.0104
-34.500;29.750;0.0106
-34.250;29.750;0.0108
-34.000;29.750;0.0109
-33.750;29.750;0.0115
-33.500;29.750;0.0145
-33.250;29.750;0.0164
-33.000;29.750;0.0185
-32.750;29.750;0.0193
-32.500;29.750;0.0210
-32.250;29.750;0.0274
-32.000;29.750;0.0309
-31.750;29.750;0.0323
-31.500;29.750;0.0372
-31.250;29.750;0.0394
-31.000;29.750;0.0414
-30.750;29.750;0.0422
-30.500;29.750;0.0407
-30.250;29.750;0.0404
-30.000;29.750;0.0403
-29.750;29.750;0.0403
-29.500;29.750;0.0410
-29.250;29.750;0.0434
-29.000;29.750;0.0398
-28.750;29.750;0.0374
-28.500;29.750;0.0387
-28.250;29.750;0.0414
-28.000;29.750;0.0543
-27.750;29.750;0.0613
-27.500;29.750;0.0631
-27.250;29.750;0.0565
-27.000;29.750;0.0560
-26.750;29.750;0.0569
-26.500;29.750;0.0577
-26.250;29.750;0.0560
-26.000;29.750;0.0542
-25.750;29.750;0.0541
-25.500;29.750;0.0528
-25.250;29.750;0.0470
-25.000;29.750;0.0403
-24.750;29.750;0.0396
-24.500;29.750;0.0395
-24.250;29.750;0.0377
-24.000;29.750;0.0347
-23.750;29.750;0.0336
-23.500;29.750;0.0331
-23.250;29.750;0.0333
-23.000;29.750;0.0351
-22.750;29.750;0.0355
-22.500;29.750;0.0353
-22.250;29.750;0.0345
-22.000;29.750;0.0333
-21.750;29.750;0.0322
-21.500;29.750;0.0301
-21.250;29.750;0.0280
-21.000;29.750;0.0198
-35.000;30.000;0.0102
-34.750;30.000;0.0104
-34.500;30.000;0.0105
-34.250;30.000;0.0107
-34.000;30.000;0.0108
-33.750;30.000;0.0109
-33.500;30.000;0.0111
-33.250;30.000;0.0155
-33.000;30.000;0.0175
-32.750;30.000;0.0191
-32.500;30.000;0.0203
-32.250;30.000;0.0287
-32.000;30.000;0.0307
-31.750;30.000;0.0328
-31.500;30.000;0.0351
-31.250;30.000;0.0376
-31.000;30.000;0.0386
-30.750;30.000;0.0394
-30.500;30.000;0.0394
-30.250;30.000;0.0379
-30.000;30.000;0.0374
-29.750;30.000;0.0360
-29.500;30.000;0.0343
-29.250;30.000;0.0343
-29.000;30.000;0.0347
-28.750;30.000;0.0361
-28.500;30.000;0.0385
-28.250;30.000;0.0458
-28.000;30.000;0.0586
-27.750;30.000;0.0709
-27.500;30.000;0.0763
-27.250;30.000;0.0667
-27.000;30.000;0.0624
-26.750;30.000;0.0622
-26.500;30.000;0.0627
-26.250;30.000;0.0601
-26.000;30.000;0.0584
-25.750;30.000;0.0536
-25.500;30.000;0.0527
-25.250;30.000;0.0474
-25.000;30.000;0.0439
-24.750;30.000;0.0431
-24.500;30.000;0.0433
-24.250;30.000;0.0398
-24.000;30.000;0.0369
-23.750;30.000;0.0331
-23.500;30.000;0.0324
-23.250;30.000;0.0332
-23.000;30.000;0.0341
-22.750;30.000;0.0361
-22.500;30.000;0.0369
-22.250;30.000;0.0355
-22.000;30.000;0.0341
-21.750;30.000;0.0324
-21.500;30.000;0.0307
-21.250;30.000;0.0280
-21.000;30.000;0.0228
-35.000;30.250;0.0100
-34.750;30.250;0.0102
-34.500;30.250;0.0104
-34.250;30.250;0.0106
-34.000;30.250;0.0107
-33.750;30.250;0.0108
-33.500;30.250;0.0110
-33.250;30.250;0.0141
-33.000;30.250;0.0174
-32.750;30.250;0.0186
-32.500;30.250;0.0224
-32.250;30.250;0.0285
-32.000;30.250;0.0306
-31.750;30.250;0.0321
-31.500;30.250;0.0349
-31.250;30.250;0.0362
-31.000;30.250;0.0375
-30.750;30.250;0.0378
-30.500;30.250;0.0372
-30.250;30.250;0.0366
-30.000;30.250;0.0360
-29.750;30.250;0.0348
-29.500;30.250;0.0334
-29.250;30.250;0.0341
-29.000;30.250;0.0349
-28.750;30.250;0.0365
-28.500;30.250;0.0405
-28.250;30.250;0.0477
-28.000;30.250;0.0685
-27.750;30.250;0.0782
-27.500;30.250;0.0858
-27.250;30.250;0.0778
-27.000;30.250;0.0667
-26.750;30.250;0.0655
-26.500;30.250;0.0645
-26.250;30.250;0.0623
-26.000;30.250;0.0586
-25.750;30.250;0.0556
-25.500;30.250;0.0548
-25.250;30.250;0.0491
-25.000;30.250;0.0464
-24.750;30.250;0.0479
-24.500;30.250;0.0456
-24.250;30.250;0.0419
-24.000;30.250;0.0372
-23.750;30.250;0.0341
-23.500;30.250;0.0331
-23.250;30.250;0.0334
-23.000;30.250;0.0342
-22.750;30.250;0.0353
-22.500;30.250;0.0367
-22.250;30.250;0.0356
-22.000;30.250;0.0336
-21.750;30.250;0.0320
-21.500;30.250;0.0302
-21.250;30.250;0.0285
-21.000;30.250;0.0196
-35.000;30.500;0.0101
-34.750;30.500;0.0104
-34.500;30.500;0.0105
-34.250;30.500;0.0108
-34.000;30.500;0.0108
-33.750;30.500;0.0109
-33.500;30.500;0.0109
-33.250;30.500;0.0120
-33.000;30.500;0.0150
-32.750;30.500;0.0179
-32.500;30.500;0.0201
-32.250;30.500;0.0283
-32.000;30.500;0.0297
-31.750;30.500;0.0314
-31.500;30.500;0.0334
-31.250;30.500;0.0350
-31.000;30.500;0.0360
-30.750;30.500;0.0368
-30.500;30.500;0.0363
-30.250;30.500;0.0353
-30.000;30.500;0.0351
-29.750;30.500;0.0339
-29.500;30.500;0.0330
-29.250;30.500;0.0345
-29.000;30.500;0.0353
-28.750;30.500;0.0377
-28.500;30.500;0.0403
-28.250;30.500;0.0509
-28.000;30.500;0.0696
-27.750;30.500;0.0824
-27.500;30.500;0.0890
-27.250;30.500;0.0910
-27.000;30.500;0.0828
-26.750;30.500;0.0715
-26.500;30.500;0.0691
-26.250;30.500;0.0679
-26.000;30.500;0.0663
-25.750;30.500;0.0604
-25.500;30.500;0.0583
-25.250;30.500;0.0534
-25.000;30.500;0.0514
-24.750;30.500;0.0535
-24.500;30.500;0.0505
-24.250;30.500;0.0449
-24.000;30.500;0.0411
-23.750;30.500;0.0368
-23.500;30.500;0.0349
-23.250;30.500;0.0344
-23.000;30.500;0.0340
-22.750;30.500;0.0338
-22.500;30.500;0.0339
-22.250;30.500;0.0347
-22.000;30.500;0.0344
-21.750;30.500;0.0320
-21.500;30.500;0.0307
-21.250;30.500;0.0288
-21.000;30.500;0.0231
-35.000;30.750;0.0100
-34.750;30.750;0.0103
-34.500;30.750;0.0104
-34.250;30.750;0.0107
-34.000;30.750;0.0108
-33.750;30.750;0.0109
-33.500;30.750;0.0109
-33.250;30.750;0.0110
-33.000;30.750;0.0147
-32.750;30.750;0.0170
-32.500;30.750;0.0216
-32.250;30.750;0.0283
-32.000;30.750;0.0300
-31.750;30.750;0.0309
-31.500;30.750;0.0341
-31.250;30.750;0.0367
-31.000;30.750;0.0382
-30.750;30.750;0.0383
-30.500;30.750;0.0378
-30.250;30.750;0.0400
-30.000;30.750;0.0589
-29.750;30.750;0.0555
-29.500;30.750;0.0454
-29.250;30.750;0.0461
-29.000;30.750;0.0489
-28.750;30.750;0.0894
-28.500;30.750;0.2340
-28.250;30.750;0.1595
-28.000;30.750;0.0890
-27.750;30.750;0.1231
-27.500;30.750;0.8647
-27.250;30.750;0.1129
-27.000;30.750;0.0898
-26.750;30.750;0.0815
-26.500;30.750;0.0767
-26.250;30.750;0.0749
-26.000;30.750;0.0726
-25.750;30.750;0.0683
-25.500;30.750;0.0647
-25.250;30.750;0.0607
-25.000;30.750;0.0574
-24.750;30.750;0.0556
-24.500;30.750;0.0492
-24.250;30.750;0.0463
-24.000;30.750;0.0409
-23.750;30.750;0.0388
-23.500;30.750;0.0361
-23.250;30.750;0.0356
-23.000;30.750;0.0348
-22.750;30.750;0.0343
-22.500;30.750;0.0339
-22.250;30.750;0.0343
-22.000;30.750;0.0342
-21.750;30.750;0.0327
-21.500;30.750;0.0303
-21.250;30.750;0.0285
-21.000;30.750;0.0196
-35.000;31.000;0.0107
-34.750;31.000;0.0109
-34.500;31.000;0.0109
-34.250;31.000;0.0157
-34.000;31.000;0.0156
-33.750;31.000;0.0205
-33.500;31.000;0.0209
-33.250;31.000;0.0268
-33.000;31.000;0.0480
-32.750;31.000;0.1032
-32.500;31.000;0.0865
-32.250;31.000;0.0424
-32.000;31.000;0.0346
-31.750;31.000;0.0351
-31.500;31.000;0.0357
-31.250;31.000;0.0349
-31.000;31.000;0.0335
-30.750;31.000;0.0320
-30.500;31.000;0.0311
-30.250;31.000;0.0316
-30.000;31.000;0.0330
-29.750;31.000;0.0349
-29.500;31.000;0.0393
-29.250;31.000;0.0420
-29.000;31.000;0.0436
-28.750;31.000;0.0504
-28.500;31.000;0.0940
-28.250;31.000;0.4501
-28.000;31.000;0.9455
-27.750;31.000;0.1604
-27.500;31.000;0.1003
-27.250;31.000;0.1015
-27.000;31.000;0.1035
-26.750;31.000;0.1018
-26.500;31.000;0.0974
-26.250;31.000;0.0923
-26.000;31.000;0.0906
-25.750;31.000;0.0868
-25.500;31.000;0.0822
-25.250;31.000;0.0799
-25.000;31.000;0.0676
-24.750;31.000;0.0574
-24.500;31.000;0.0524
-24.250;31.000;0.0478
-24.000;31.000;0.0449
-23.750;31.000;0.0406
-23.500;31.000;0.0392
-23.250;31.000;0.0373
-23.000;31.000;0.0365
-22.750;31.000;0.0349
-22.500;31.000;0.0339
-22.250;31.000;0.0328
-22.000;31.000;0.0328
-21.750;31.000;0.0314
-21.500;31.000;0.0304
-21.250;31.000;0.0280
-21.000;31.000;0.0218
-35.000;31.250;0.0109
-34.750;31.250;0.0109
-34.500;31.250;0.0109
-34.250;31.250;0.0166
-34.000;31.250;0.0245
-33.750;31.250;0.4345
-33.500;31.250;0.0281
-33.250;31.250;0.0219
-33.000;31.250;0.0223
-32.750;31.250;0.0210
-32.500;31.250;0.0205
-32.250;31.250;0.0246
-32.000;31.250;0.0290
-31.750;31.250;0.0295
-31.500;31.250;0.0306
-31.250;31.250;0.0309
-31.000;31.250;0.0304
-30.750;31.250;0.0300
-30.500;31.250;0.0300
-30.250;31.250;0.0302
-30.000;31.250;0.0300
-29.750;31.250;0.0297
-29.500;31.250;0.0317
-29.250;31.250;0.0353
-29.000;31.250;0.0397
-28.750;31.250;0.0440
-28.500;31.250;0.0570
-28.250;31.250;0.0793
-28.000;31.250;0.0952
-27.750;31.250;0.1069
-27.500;31.250;0.1076
-27.250;31.250;0.1054
-27.000;31.250;0.1067
-26.750;31.250;0.1078
-26.500;31.250;0.1114
-26.250;31.250;0.1115
-26.000;31.250;0.1081
-25.750;31.250;0.1007
-25.500;31.250;0.0920
-25.250;31.250;0.0827
-25.000;31.250;0.0650
-24.750;31.250;0.0573
-24.500;31.250;0.0510
-24.250;31.250;0.0481
-24.000;31.250;0.0447
-23.750;31.250;0.0413
-23.500;31.250;0.0393
-23.250;31.250;0.0380
-23.000;31.250;0.0359
-22.750;31.250;0.0345
-22.500;31.250;0.0324
-22.250;31.250;0.0315
-22.000;31.250;0.0307
-21.750;31.250;0.0301
-21.500;31.250;0.0287
-21.250;31.250;0.0264
-21.000;31.250;0.0185
-35.000;31.500;0.0276
-34.750;31.500;0.0155
-34.500;31.500;0.0109
-34.250;31.500;0.0108
-34.000;31.500;0.0108
-33.750;31.500;0.0108
-33.500;31.500;0.0109
-33.250;31.500;0.0109
-33.000;31.500;0.0109
-32.750;31.500;0.0112
-32.500;31.500;0.0144
-32.250;31.500;0.0189
-32.000;31.500;0.0234
-31.750;31.500;0.0292
-31.500;31.500;0.0300
-31.250;31.500;0.0307
-31.000;31.500;0.0303
-30.750;31.500;0.0302
-30.500;31.500;0.0305
-30.250;31.500;0.0304
-30.000;31.500;0.0300
-29.750;31.500;0.0302
-29.500;31.500;0.0315
-29.250;31.500;0.0375
-29.000;31.500;0.0403
-28.750;31.500;0.0463
-28.500;31.500;0.0519
-28.250;31.500;0.0790
-28.000;31.500;0.0902
-27.750;31.500;0.1044
-27.500;31.500;0.1165
-27.250;31.500;0.1152
-27.000;31.500;0.1092
-26.750;31.500;0.1092
-26.500;31.500;0.1134
-26.250;31.500;0.1175
-26.000;31.500;0.1122
-25.750;31.500;0.0903
-25.500;31.500;0.0889
-25.250;31.500;0.0779
-25.000;31.500;0.0685
-24.750;31.500;0.0568
-24.500;31.500;0.0523
-24.250;31.500;0.0494
-24.000;31.500;0.0474
-23.750;31.500;0.0420
-23.500;31.500;0.0408
-23.250;31.500;0.0384
-23.000;31.500;0.0361
-22.750;31.500;0.0332
-22.500;31.500;0.0319
-22.250;31.500;0.0306
-22.000;31.500;0.0298
-21.750;31.500;0.0279
-21.500;31.500;0.0264
-21.250;31.500;0.0228
-21.000;31.500;0.0192
-35.000;31.750;0.0105
-34.750;31.750;0.0100
-34.500;31.750;0.0106
-34.250;31.750;0.0107
-34.000;31.750;0.0108
-33.750;31.750;0.0108
-33.500;31.750;0.0108
-33.250;31.750;0.0108
-33.000;31.750;0.0109
-32.750;31.750;0.0109
-32.500;31.750;0.0124
-32.250;31.750;0.0155
-32.000;31.750;0.0200
-31.750;31.750;0.0257
-31.500;31.750;0.0288
-31.250;31.750;0.0290
-31.000;31.750;0.0287
-30.750;31.750;0.0287
-30.500;31.750;0.0287
-30.250;31.750;0.0281
-30.000;31.750;0.0276
-29.750;31.750;0.0289
-29.500;31.750;0.0352
-29.250;31.750;0.0393
-29.000;31.750;0.0440
-28.750;31.750;0.0476
-28.500;31.750;0.0570
-28.250;31.750;0.0734
-28.000;31.750;0.0919
-27.750;31.750;0.0997
-27.500;31.750;0.1096
-27.250;31.750;0.1182
-27.000;31.750;0.1080
-26.750;31.750;0.1086
-26.500;31.750;0.1119
-26.250;31.750;0.1086
-26.000;31.750;0.0913
-25.750;31.750;0.0809
-25.500;31.750;0.0781
-25.250;31.750;0.0698
-25.000;31.750;0.0594
-24.750;31.750;0.0551
-24.500;31.750;0.0501
-24.250;31.750;0.0496
-24.000;31.750;0.0439
-23.750;31.750;0.0411
-23.500;31.750;0.0394
-23.250;31.750;0.0373
-23.000;31.750;0.0346
-22.750;31.750;0.0328
-22.500;31.750;0.0306
-22.250;31.750;0.0298
-22.000;31.750;0.0280
-21.750;31.750;0.0262
-21.500;31.750;0.0230
-21.250;31.750;0.0205
-21.000;31.750;0.0159
-35.000;32.000;0.0094
-34.750;32.000;0.0103
-34.500;32.000;0.0105
-34.250;32.000;0.0106
-34.000;32.000;0.0107
-33.750;32.000;0.0107
-33.500;32.000;0.0107
-33.250;32.000;0.0108
-33.000;32.000;0.0108
-32.750;32.000;0.0109
-32.500;32.000;0.0109
-32.250;32.000;0.0121
-32.000;32.000;0.0150
-31.750;32.000;0.0193
-31.500;32.000;0.0195
-31.250;32.000;0.0209
-31.000;32.000;0.0217
-30.750;32.000;0.0220
-30.500;32.000;0.0212
-30.250;32.000;0.0226
-30.000;32.000;0.0245
-29.750;32.000;0.0284
-29.500;32.000;0.0339
-29.250;32.000;0.0404
-29.000;32.000;0.0433
-28.750;32.000;0.0476
-28.500;32.000;0.0512
-28.250;32.000;0.0646
-28.000;32.000;0.0785
-27.750;32.000;0.0967
-27.500;32.000;0.1014
-27.250;32.000;0.1043
-27.000;32.000;0.1013
-26.750;32.000;0.0914
-26.500;32.000;0.0901
-26.250;32.000;0.0852
-26.000;32.000;0.0789
-25.750;32.000;0.0720
-25.500;32.000;0.0710
-25.250;32.000;0.0607
-25.000;32.000;0.0557
-24.750;32.000;0.0503
-24.500;32.000;0.0473
-24.250;32.000;0.0429
-24.000;32.000;0.0404
-23.750;32.000;0.0374
-23.500;32.000;0.0352
-23.250;32.000;0.0325
-23.000;32.000;0.0336
-22.750;32.000;0.0326
-22.500;32.000;0.0309
-22.250;32.000;0.0295
-22.000;32.000;0.0282
-21.750;32.000;0.0253
-21.500;32.000;0.0221
-21.250;32.000;0.0193
-21.000;32.000;0.0170
-35.000;32.250;0.0091
-34.750;32.250;0.0099
-34.500;32.250;0.0103
-34.250;32.250;0.0105
-34.000;32.250;0.0106
-33.750;32.250;0.0107
-33.500;32.250;0.0107
-33.250;32.250;0.0108
-33.000;32.250;0.0108
-32.750;32.250;0.0109
-32.500;32.250;0.0109
-32.250;32.250;0.0120
-32.000;32.250;0.0149
-31.750;32.250;0.0193
-31.500;32.250;0.0182
-31.250;32.250;0.0173
-31.000;32.250;0.0183
-30.750;32.250;0.0189
-30.500;32.250;0.0197
-30.250;32.250;0.0206
-30.000;32.250;0.0248
-29.750;32.250;0.0283
-29.500;32.250;0.0375
-29.250;32.250;0.0404
-29.000;32.250;0.0441
-28.750;32.250;0.0469
-28.500;32.250;0.0518
-28.250;32.250;0.0586
-28.000;32.250;0.0773
-27.750;32.250;0.0887
-27.500;32.250;0.0978
-27.250;32.250;0.0993
-27.000;32.250;0.0927
-26.750;32.250;0.0843
-26.500;32.250;0.0802
-26.250;32.250;0.0752
-26.000;32.250;0.0652
-25.750;32.250;0.0656
-25.500;32.250;0.0622
-25.250;32.250;0.0563
-25.000;32.250;0.0492
-24.750;32.250;0.0468
-24.500;32.250;0.0408
-24.250;32.250;0.0393
-24.000;32.250;0.0373
-23.750;32.250;0.0352
-23.500;32.250;0.0310
-23.250;32.250;0.0307
-23.000;32.250;0.0316
-22.750;32.250;0.0307
-22.500;32.250;0.0297
-22.250;32.250;0.0285
-22.000;32.250;0.0256
-21.750;32.250;0.0224
-21.500;32.250;0.0194
-21.250;32.250;0.0178
-21.000;32.250;0.0132
-35.000;32.500;0.0082
-34.750;32.500;0.0095
-34.500;32.500;0.0101
-34.250;32.500;0.0104
-34.000;32.500;0.0106
-33.750;32.500;0.0107
-33.500;32.500;0.0107
-33.250;32.500;0.0108
-33.000;32.500;0.0108
-32.750;32.500;0.0109
-32.500;32.500;0.0109
-32.250;32.500;0.0119
-32.000;32.500;0.0148
-31.750;32.500;0.0181
-31.500;32.500;0.0167
-31.250;32.500;0.0147
-31.000;32.500;0.0154
-30.750;32.500;0.0164
-30.500;32.500;0.0179
-30.250;32.500;0.0197
-30.000;32.500;0.0211
-29.750;32.500;0.0277
-29.500;32.500;0.0344
-29.250;32.500;0.0398
-29.000;32.500;0.0411
-28.750;32.500;0.0452
-28.500;32.500;0.0481
-28.250;32.500;0.0526
-28.000;32.500;0.0601
-27.750;32.500;0.0748
-27.500;32.500;0.0787
-27.250;32.500;0.0814
-27.000;32.500;0.0814
-26.750;32.500;0.0654
-26.500;32.500;0.0637
-26.250;32.500;0.0603
-26.000;32.500;0.0574
-25.750;32.500;0.0539
-25.500;32.500;0.0519
-25.250;32.500;0.0469
-25.000;32.500;0.0425
-24.750;32.500;0.0401
-24.500;32.500;0.0384
-24.250;32.500;0.0369
-24.000;32.500;0.0353
-23.750;32.500;0.0304
-23.500;32.500;0.0296
-23.250;32.500;0.0298
-23.000;32.500;0.0294
-22.750;32.500;0.0275
-22.500;32.500;0.0262
-22.250;32.500;0.0231
-22.000;32.500;0.0210
-21.750;32.500;0.0198
-21.500;32.500;0.0189
-21.250;32.500;0.0170
-21.000;32.500;0.0142
-35.000;32.750;0.0060
-34.750;32.750;0.0088
-34.500;32.750;0.0099
-34.250;32.750;0.0103
-34.000;32.750;0.0105
-33.750;32.750;0.0106
-33.500;32.750;0.0107
-33.250;32.750;0.0107
-33.000;32.750;0.0108
-32.750;32.750;0.0109
-32.500;32.750;0.0109
-32.250;32.750;0.0117
-32.000;32.750;0.0147
-31.750;32.750;0.0166
-31.500;32.750;0.0154
-31.250;32.750;0.0146
-31.000;32.750;0.0155
-30.750;32.750;0.0151
-30.500;32.750;0.0176
-30.250;32.750;0.0191
-30.000;32.750;0.0223
-29.750;32.750;0.0270
-29.500;32.750;0.0369
-29.250;32.750;0.0396
-29.000;32.750;0.0414
-28.750;32.750;0.0437
-28.500;32.750;0.0481
-28.250;32.750;0.0504
-28.000;32.750;0.0571
-27.750;32.750;0.0635
-27.500;32.750;0.0715
-27.250;32.750;0.0747
-27.000;32.750;0.0659
-26.750;32.750;0.0573
-26.500;32.750;0.0560
-26.250;32.750;0.0542
-26.000;32.750;0.0498
-25.750;32.750;0.0478
-25.500;32.750;0.0444
-25.250;32.750;0.0410
-25.000;32.750;0.0390
-24.750;32.750;0.0376
-24.500;32.750;0.0351
-24.250;32.750;0.0340
-24.000;32.750;0.0298
-23.750;32.750;0.0281
-23.500;32.750;0.0273
-23.250;32.750;0.0276
-23.000;32.750;0.0263
-22.750;32.750;0.0245
-22.500;32.750;0.0209
-22.250;32.750;0.0201
-22.000;32.750;0.0191
-21.750;32.750;0.0183
-21.500;32.750;0.0166
-21.250;32.750;0.0144
-21.000;32.750;0.0109
-35.000;33.000;0.0030
-34.750;33.000;0.0076
-34.500;33.000;0.0094
-34.250;33.000;0.0100
-34.000;33.000;0.0104
-33.750;33.000;0.0106
-33.500;33.000;0.0106
-33.250;33.000;0.0107
-33.000;33.000;0.0108
-32.750;33.000;0.0109
-32.500;33.000;0.0109
-32.250;33.000;0.0114
-32.000;33.000;0.0146
-31.750;33.000;0.0151
-31.500;33.000;0.0143
-31.250;33.000;0.0145
-31.000;33.000;0.0125
-30.750;33.000;0.0128
-30.500;33.000;0.0154
-30.250;33.000;0.0181
-30.000;33.000;0.0198
-29.750;33.000;0.0247
-29.500;33.000;0.0300
-29.250;33.000;0.0386
-29.000;33.000;0.0404
-28.750;33.000;0.0422
-28.500;33.000;0.0445
-28.250;33.000;0.0483
-28.000;33.000;0.0493
-27.750;33.000;0.0510
-27.500;33.000;0.0542
-27.250;33.000;0.0568
-27.000;33.000;0.0550
-26.750;33.000;0.0473
-26.500;33.000;0.0467
-26.250;33.000;0.0458
-26.000;33.000;0.0434
-25.750;33.000;0.0398
-25.500;33.000;0.0375
-25.250;33.000;0.0348
-25.000;33.000;0.0343
-24.750;33.000;0.0308
-24.500;33.000;0.0298
-24.250;33.000;0.0290
-24.000;33.000;0.0283
-23.750;33.000;0.0270
-23.500;33.000;0.0267
-23.250;33.000;0.0268
-23.000;33.000;0.0272
-22.750;33.000;0.0286
-22.500;33.000;0.0274
-22.250;33.000;0.0263
-22.000;33.000;0.0240
-21.750;33.000;0.0199
-21.500;33.000;0.0179
-21.250;33.000;0.0133
-21.000;33.000;0.0109
